nb_samples,eint,sd_Sv,Vert_Slice_Idx,Horz_Slice_Idx,Ping_S,Ping_E,Nb_good_pings,Sample_S,Sample_E,Range_min,Range_max,Depth_min,Depth_max,Depth_mean,Dist_to_bot_min,Dist_to_bot_max,Dist_to_bot_mean,Range_ref_min,Range_ref_max,Thickness_tot,Thickness_mean,Dist_S,Dist_E,Time_S,Time_E,Lat_S,Lon_S,Lat_E,Lon_E,PRC,sv,ABC,NASC,nb_st,nb_tracks,st_ts_mean,tracks_ts_mean,Tags
58881,0.00105517766961639,332.66464248407,1,1,1,1033,1033,58,114,10.166233218314,20.1541114678856,10.1662330627441,20.1541118621826,15.1601724624634,NaN,NaN,NaN,10.166233218314,20.1541114678856,10.166233218314,10.166233218314,0,999.144046242051,06/11/2021 03:00:03.078,06/11/2021 03:45:59.874,10.3064120549839,-116.584844758924,10.3146754801141,-116.582074900345,1,1.00476662744957e-07,1.02146918646311e-06,44.0267977916793,0,0,-999,-999,
57848,0.00173255702912008,10.9901202951736,1,2,1,1033,1033,115,170,20.3324664366279,30.1419897174572,20.3324661254883,30.1419906616211,25.2372283935547,NaN,NaN,NaN,20.3324664366279,30.1419897174572,9.9878782495716,9.9878782495716,0,999.144046242051,06/11/2021 03:00:03.078,06/11/2021 03:45:59.874,10.3064120549839,-116.584844758924,10.3146754801141,-116.582074900345,1,1.6792446663748e-07,1.6772091278994e-06,72.2901367040432,0,0,-999,-999,
57848,0.00227055199897189,7.8731600415038,1,3,1,1033,1033,171,226,30.3203446861995,40.1298679670288,30.3203449249268,40.1298675537109,35.2251062393188,NaN,NaN,NaN,30.3203446861995,40.1298679670288,9.9878782495716,9.9878782495716,0,999.144046242051,06/11/2021 03:00:03.078,06/11/2021 03:45:59.874,10.3064120549839,-116.584844758924,10.3146754801141,-116.582074900345,1,2.20068503946252e-07,2.19801742398053e-06,94.7377267475451,0,0,-999,-999,
57848,0.0014778540296939,17.4070692779744,1,4,1,1033,1033,227,282,40.3082229357711,50.1177462166004,40.3082237243652,50.1177444458008,45.212984085083,NaN,NaN,NaN,40.3082229357711,50.1177462166004,9.9878782495716,9.9878782495716,0,999.144046242051,06/11/2021 03:00:03.078,06/11/2021 03:45:59.874,10.3064120549839,-116.584844758924,10.3146754801141,-116.582074900345,1,1.43237911095162e-07,1.43064281674144e-06,61.6627724453328,0,0,-999,-999,
57848,0.000563762059493046,35.0434694292686,1,5,1,1033,1033,283,338,50.2961011853427,60.105624466172,50.2961006164551,60.1056251525879,55.2008628845215,NaN,NaN,NaN,50.2961011853427,60.105624466172,9.9878782495716,9.9878782495716,0,999.144046242051,06/11/2021 03:00:03.078,06/11/2021 03:45:59.874,10.3064120549839,-116.584844758924,10.3146754801141,-116.582074900345,1,5.46414585838466e-08,5.45752235714469e-07,23.5227098815924,0,0,-999,-999,
57848,0.00035975652776744,97.2587334774068,1,6,1,1033,1033,339,394,60.2839794349143,70.0935027157436,60.2839813232422,70.093505859375,65.1887435913086,NaN,NaN,NaN,60.2839794349143,70.0935027157436,9.9878782495716,9.9878782495716,0,999.144046242051,06/11/2021 03:00:03.078,06/11/2021 03:45:59.874,10.3064120549839,-116.584844758924,10.3146754801141,-116.582074900345,1,3.48686490714714e-08,3.48263821652895e-07,15.0106738972329,0,0,-999,-999,
57848,3.9880797632515e-05,297.456916469075,1,7,1,1033,1033,395,450,70.2718576844859,80.0813809653152,70.271858215332,80.0813827514648,75.1766204833984,NaN,NaN,NaN,70.2718576844859,80.0813809653152,9.9878782495716,9.9878782495716,0,999.144046242051,06/11/2021 03:00:03.078,06/11/2021 03:45:59.874,10.3064120549839,-116.584844758924,10.3146754801141,-116.582074900345,1,3.86536290520755e-09,3.86067740876234e-08,1.66400774362099,0,0,-999,-999,
57848,1.03052028074145e-05,448.847428879214,1,8,1,1033,1033,451,506,80.2597359340575,90.0692592148868,80.2597351074219,90.0692596435547,85.1644973754883,NaN,NaN,NaN,80.2597359340575,90.0692592148868,9.9878782495716,9.9878782495716,0,999.144046242051,06/11/2021 03:00:03.078,06/11/2021 03:45:59.874,10.3064120549839,-116.584844758924,10.3146754801141,-116.582074900345,1,9.98810230163112e-10,9.97599497329575e-09,0.429979797022458,0,0,-999,-999,
57848,9.73085436873883e-07,157.869532737232,1,9,1,1033,1033,507,562,90.2476141836291,100.057137464458,90.2476119995117,100.057136535645,95.1523742675781,NaN,NaN,NaN,90.2476141836291,100.057137464458,9.9878782495716,9.9878782495716,0,999.144046242051,06/11/2021 03:00:03.078,06/11/2021 03:45:59.874,10.3064120549839,-116.584844758924,10.3146754801141,-116.582074900345,1,9.43142708916977e-11,9.41999454863391e-10,0.0406015375390285,0,0,-999,-999,
57848,1.12954636420211e-07,43.9129744880063,1,10,1,1033,1033,563,618,100.235492433201,110.04501571403,100.235488891602,110.045013427734,105.140251159668,NaN,NaN,NaN,100.235492433201,110.04501571403,9.9878782495716,9.9878782495716,0,999.144046242051,06/11/2021 03:00:03.078,06/11/2021 03:45:59.874,10.3064120549839,-116.584844758924,10.3146754801141,-116.582074900345,1,1.09478919056002e-11,1.09346211442606e-10,0.0047129797004833,0,0,-999,-999,
57848,2.41977207064604e-09,6.5926296096833,1,11,1,1033,1033,619,674,110.223370682772,120.032893963602,110.223373413086,120.032890319824,115.128131866455,NaN,NaN,NaN,110.223370682772,120.032893963602,9.9878782495716,9.9878782495716,0,999.144046242051,06/11/2021 03:00:03.078,06/11/2021 03:45:59.874,10.3064120549839,-116.584844758924,10.3146754801141,-116.582074900345,1,2.34531347319561e-13,2.34247054273576e-12,0.000100963864876915,0,0,-999,-999,
57848,1.29889355316351e-96,0,1,12,1,1033,1033,675,730,120.211248932344,130.020772213173,120.211250305176,130.020767211914,125.116008758545,NaN,NaN,NaN,120.211248932344,130.020772213173,9.9878782495716,9.9878782495716,0,999.144046242051,06/11/2021 03:00:03.078,06/11/2021 03:45:59.874,10.3064120549839,-116.584844758924,10.3146754801141,-116.582074900345,1,1.25892541179218e-100,1.25739937382721e-99,5.41957297474233e-92,0,0,-999,-999,
57848,1.29889355316351e-96,0,1,13,1,1033,1033,731,786,130.199127181916,140.008650462745,130.199127197266,140.008651733398,135.103889465332,NaN,NaN,NaN,130.199127181916,140.008650462745,9.98787824957159,9.9878782495716,0,999.144046242051,06/11/2021 03:00:03.078,06/11/2021 03:45:59.874,10.3064120549839,-116.584844758924,10.3146754801141,-116.582074900345,1,1.25892541179218e-100,1.25739937382721e-99,5.41957297474233e-92,0,0,-999,-999,
57848,1.29889355316351e-96,0,1,14,1,1033,1033,787,842,140.187005431487,149.996528712316,140.18701171875,149.996536254883,145.091773986816,NaN,NaN,NaN,140.187005431487,149.996528712316,9.98787824957162,9.9878782495716,0,999.144046242051,06/11/2021 03:00:03.078,06/11/2021 03:45:59.874,10.3064120549839,-116.584844758924,10.3146754801141,-116.582074900345,0.999999999999998,1.25892541179218e-100,1.25739937382721e-99,5.41957297474233e-92,0,0,-999,-999,
58881,1.32208808089853e-96,0,1,15,1,1033,1033,843,899,150.174883681059,160.16276193063,150.174880981445,160.16276550293,155.168823242188,NaN,NaN,NaN,150.174883681059,160.16276193063,10.166233218314,10.166233218314,0,999.144046242051,06/11/2021 03:00:03.078,06/11/2021 03:45:59.874,10.3064120549839,-116.584844758924,10.3146754801141,-116.582074900345,0.999999999999998,1.25892541179214e-100,1.27985293407409e-99,5.51635106357685e-92,0,0,-999,-999,
57848,1.29889355316351e-96,0,1,16,1,1033,1033,900,955,160.341116899373,170.150640180202,160.341110229492,170.150634765625,165.245872497559,NaN,NaN,NaN,160.341116899373,170.150640180202,9.98787824957159,9.9878782495716,0,999.144046242051,06/11/2021 03:00:03.078,06/11/2021 03:45:59.874,10.3064120549839,-116.584844758924,10.3146754801141,-116.582074900345,1,1.25892541179218e-100,1.25739937382721e-99,5.41957297474233e-92,0,0,-999,-999,
57848,1.29889355316351e-96,0,1,17,1,1033,1033,956,1011,170.328995148944,180.138518429774,170.328994750977,180.138519287109,175.233757019043,NaN,NaN,NaN,170.328995148944,180.138518429774,9.98787824957159,9.9878782495716,0,999.144046242051,06/11/2021 03:00:03.078,06/11/2021 03:45:59.874,10.3064120549839,-116.584844758924,10.3146754801141,-116.582074900345,1,1.25892541179218e-100,1.25739937382721e-99,5.41957297474233e-92,0,0,-999,-999,
57848,1.29889355316351e-96,0,1,18,1,1033,1033,1012,1067,180.316873398516,190.126396679345,180.316879272461,190.126403808594,185.221641540527,NaN,NaN,NaN,180.316873398516,190.126396679345,9.98787824957159,9.9878782495716,0,999.144046242051,06/11/2021 03:00:03.078,06/11/2021 03:45:59.874,10.3064120549839,-116.584844758924,10.3146754801141,-116.582074900345,1,1.25892541179218e-100,1.25739937382721e-99,5.41957297474233e-92,0,0,-999,-999,
57848,1.29889355316351e-96,0,1,19,1,1033,1033,1068,1123,190.304751648087,200.114274928917,190.304748535156,200.114273071289,195.209510803223,NaN,NaN,NaN,190.304751648087,200.114274928917,9.98787824957162,9.9878782495716,0,999.144046242051,06/11/2021 03:00:03.078,06/11/2021 03:45:59.874,10.3064120549839,-116.584844758924,10.3146754801141,-116.582074900345,0.999999999999998,1.25892541179218e-100,1.25739937382721e-99,5.41957297474233e-92,0,0,-999,-999,
57848,1.29889355316351e-96,0,1,20,1,1033,1033,1124,1179,200.292629897659,210.102153178488,200.292633056641,210.102157592773,205.197395324707,NaN,NaN,NaN,200.292629897659,210.102153178488,9.98787824957159,9.9878782495716,0,999.144046242051,06/11/2021 03:00:03.078,06/11/2021 03:45:59.874,10.3064120549839,-116.584844758924,10.3146754801141,-116.582074900345,1,1.25892541179218e-100,1.25739937382721e-99,5.41957297474233e-92,0,0,-999,-999,
57848,1.29889355316351e-96,0,1,21,1,1033,1033,1180,1235,210.280508147231,220.09003142806,210.280502319336,220.090026855469,215.185264587402,NaN,NaN,NaN,210.280508147231,220.09003142806,9.98787824957159,9.9878782495716,0,999.144046242051,06/11/2021 03:00:03.078,06/11/2021 03:45:59.874,10.3064120549839,-116.584844758924,10.3146754801141,-116.582074900345,1,1.25892541179218e-100,1.25739937382721e-99,5.41957297474233e-92,0,0,-999,-999,
57848,1.29889355316351e-96,0,1,22,1,1033,1033,1236,1291,220.268386396802,230.077909677632,220.26838684082,230.077911376953,225.173149108887,NaN,NaN,NaN,220.268386396802,230.077909677632,9.98787824957159,9.9878782495716,0,999.144046242051,06/11/2021 03:00:03.078,06/11/2021 03:45:59.874,10.3064120549839,-116.584844758924,10.3146754801141,-116.582074900345,1,1.25892541179218e-100,1.25739937382721e-99,5.41957297474233e-92,0,0,-999,-999,
57848,1.29889355316351e-96,0,1,23,1,1033,1033,1292,1347,230.256264646374,240.065787927203,230.256271362305,240.065780639648,235.161026000977,NaN,NaN,NaN,230.256264646374,240.065787927203,9.98787824957162,9.9878782495716,0,999.144046242051,06/11/2021 03:00:03.078,06/11/2021 03:45:59.874,10.3064120549839,-116.584844758924,10.3146754801141,-116.582074900345,0.999999999999998,1.25892541179218e-100,1.25739937382721e-99,5.41957297474233e-92,0,0,-999,-999,
56815,1.27569902542848e-96,0,1,24,1,1033,1033,1348,1402,240.244142895945,249.875311208032,240.244140625,249.875305175781,245.059722900391,NaN,NaN,NaN,240.244142895945,249.875311208032,9.80952328082924,9.80952328082925,0,999.144046242051,06/11/2021 03:00:03.078,06/11/2021 03:45:59.874,10.3064120549839,-116.584844758924,10.3146754801141,-116.582074900345,1,1.25892541179222e-100,1.23494581358033e-99,5.3227948859078e-92,0,0,-999,-999,
48108,0.000946910228519415,7.25564795155579,2,1,1034,1877,844,58,114,10.166233218314,20.1541114678856,10.1662330627441,20.1541118621826,15.1601724624634,NaN,NaN,NaN,10.166233218314,20.1541114678856,10.166233218314,10.166233218314,1000.34182588376,1999.1515044262,06/11/2021 03:46:02.544,06/11/2021 04:23:49.934,10.314686175683,-116.585664,10.3234111385232,-116.584832473644,1,1.1035862804695e-07,1.12193155037845e-06,48.356870828038,0,0,-999,-999,
47264,0.0014833005979112,7.02768508895428,2,2,1034,1877,844,115,170,20.3324664366279,30.1419897174572,20.3324661254883,30.1419906616211,25.2372283935547,NaN,NaN,NaN,20.3324664366279,30.1419897174572,9.9878782495716,9.9878782495716,1000.34182588376,1999.1515044262,06/11/2021 03:46:02.544,06/11/2021 04:23:49.934,10.314686175683,-116.585664,10.3234111385232,-116.584832473644,1,1.75959810430937e-07,1.7574651634019e-06,75.7492877909839,0,0,-999,-999,
47264,0.00209352885538345,7.06280069325376,2,3,1034,1877,844,171,226,30.3203446861995,40.1298679670288,30.3203449249268,40.1298675537109,35.2251062393188,NaN,NaN,NaN,30.3203446861995,40.1298679670288,9.9878782495716,9.9878782495716,1000.34182588376,1999.1515044262,06/11/2021 03:46:02.544,06/11/2021 04:23:49.934,10.314686175683,-116.585664,10.3234111385232,-116.584832473644,1,2.4834948562936e-07,2.48048442580978e-06,106.912462644786,0,0,-999,-999,
47264,0.00128548362565188,16.9818199406417,2,4,1034,1877,844,227,282,40.3082229357711,50.1177462166004,40.3082237243652,50.1177444458008,45.212984085083,NaN,NaN,NaN,40.3082229357711,50.1177462166004,9.9878782495716,9.9878782495716,1000.34182588376,1999.1515044262,06/11/2021 03:46:02.544,06/11/2021 04:23:49.934,10.314686175683,-116.585664,10.3234111385232,-116.584832473644,1,1.52493335066612e-07,1.52308486451645e-06,65.6471582680041,0,0,-999,-999,
47264,0.00028357465703166,48.2454886013479,2,5,1034,1877,844,283,338,50.2961011853427,60.105624466172,50.2961006164551,60.1056251525879,55.2008628845215,NaN,NaN,NaN,50.2961011853427,60.105624466172,9.9878782495716,9.9878782495716,1000.34182588376,1999.1515044262,06/11/2021 03:46:02.544,06/11/2021 04:23:49.934,10.314686175683,-116.585664,10.3234111385232,-116.584832473644,1,3.36396701818737e-08,3.35988930132299e-07,14.4816083374941,0,0,-999,-999,
47264,9.59157956294381e-05,117.290309405761,2,6,1034,1877,844,339,394,60.2839794349143,70.0935027157436,60.2839813232422,70.093505859375,65.1887435913086,NaN,NaN,NaN,60.2839794349143,70.0935027157436,9.9878782495716,9.9878782495716,1000.34182588376,1999.1515044262,06/11/2021 03:46:02.544,06/11/2021 04:23:49.934,10.314686175683,-116.585664,10.3234111385232,-116.584832473644,1,1.13782231599281e-08,1.13644307617818e-07,4.89823385567762,0,0,-999,-999,
47264,2.30908121494692e-05,304.038002504082,2,7,1034,1877,844,395,450,70.2718576844859,80.0813809653152,70.271858215332,80.0813827514648,75.1766204833984,NaN,NaN,NaN,70.2718576844859,80.0813809653152,9.9878782495716,9.9878782495716,1000.34182588376,1999.1515044262,06/11/2021 03:46:02.544,06/11/2021 04:23:49.934,10.314686175683,-116.585664,10.3234111385232,-116.584832473644,1,2.73919860494805e-09,2.73587821676175e-08,1.17920304036876,0,0,-999,-999,
47264,7.20942975812371e-06,440.660488278435,2,8,1034,1877,844,451,506,80.2597359340575,90.0692592148868,80.2597351074219,90.0692596435547,85.1644973754883,NaN,NaN,NaN,80.2597359340575,90.0692592148868,9.9878782495716,9.9878782495716,1000.34182588376,1999.1515044262,06/11/2021 03:46:02.544,06/11/2021 04:23:49.934,10.314686175683,-116.585664,10.3234111385232,-116.584832473644,1,8.55234532596438e-10,8.5419783864025e-09,0.368171610209038,0,0,-999,-999,
47264,1.4015632836445e-06,203.977425168742,2,9,1034,1877,844,507,562,90.2476141836291,100.057137464458,90.2476119995117,100.057136535645,95.1523742675781,NaN,NaN,NaN,90.2476141836291,100.057137464458,9.9878782495716,9.9878782495716,1000.34182588376,1999.1515044262,06/11/2021 03:46:02.544,06/11/2021 04:23:49.934,10.314686175683,-116.585664,10.3234111385232,-116.584832473644,1,1.66263540946682e-10,1.66062000431812e-09,0.0715751215091327,0,0,-999,-999,
47264,2.25064742660608e-06,192.041610297969,2,10,1034,1877,844,563,618,100.235492433201,110.04501571403,100.235488891602,110.045013427734,105.140251159668,NaN,NaN,NaN,100.235492433201,110.04501571403,9.9878782495716,9.9878782495716,1000.34182588376,1999.1515044262,06/11/2021 03:46:02.544,06/11/2021 04:23:49.934,10.314686175683,-116.585664,10.3234111385232,-116.584832473644,1,2.66988023257165e-10,2.66664387038635e-09,0.114936203675843,0,0,-999,-999,
47264,2.2844914759162e-06,171.36672626821,2,11,1034,1877,844,619,674,110.223370682772,120.032893963602,110.223373413086,120.032890319824,115.128131866455,NaN,NaN,NaN,110.223370682772,120.032893963602,9.9878782495716,9.9878782495716,1000.34182588376,1999.1515044262,06/11/2021 03:46:02.544,06/11/2021 04:23:49.934,10.314686175683,-116.585664,10.3234111385232,-116.584832473644,1,2.71002848377043e-10,2.70674345487701e-09,0.116664553704701,0,0,-999,-999,
47264,1.06124507151057e-96,0,2,12,1034,1877,844,675,730,120.211248932344,130.020772213173,120.211250305176,130.020767211914,125.116008758545,NaN,NaN,NaN,120.211248932344,130.020772213173,9.9878782495716,9.9878782495716,1000.34182588376,1999.1515044262,06/11/2021 03:46:02.544,06/11/2021 04:23:49.934,10.314686175683,-116.585664,10.3234111385232,-116.584832473644,1,1.25892541179266e-100,1.25739937382769e-99,5.41957297474439e-92,0,0,-999,-999,
47264,1.06124507151057e-96,0,2,13,1034,1877,844,731,786,130.199127181916,140.008650462745,130.199127197266,140.008651733398,135.103889465332,NaN,NaN,NaN,130.199127181916,140.008650462745,9.98787824957159,9.9878782495716,1000.34182588376,1999.1515044262,06/11/2021 03:46:02.544,06/11/2021 04:23:49.934,10.314686175683,-116.585664,10.3234111385232,-116.584832473644,1,1.25892541179266e-100,1.25739937382769e-99,5.41957297474439e-92,0,0,-999,-999,
47264,1.06124507151057e-96,0,2,14,1034,1877,844,787,842,140.187005431487,149.996528712316,140.18701171875,149.996536254883,145.091773986816,NaN,NaN,NaN,140.187005431487,149.996528712316,9.98787824957162,9.9878782495716,1000.34182588376,1999.1515044262,06/11/2021 03:46:02.544,06/11/2021 04:23:49.934,10.314686175683,-116.585664,10.3234111385232,-116.584832473644,0.999999999999998,1.25892541179266e-100,1.25739937382769e-99,5.41957297474439e-92,0,0,-999,-999,
48108,1.08019587635893e-96,0,2,15,1034,1877,844,843,899,150.174883681059,160.16276193063,150.174880981445,160.16276550293,155.168823242188,NaN,NaN,NaN,150.174883681059,160.16276193063,10.166233218314,10.166233218314,1000.34182588376,1999.1515044262,06/11/2021 03:46:02.544,06/11/2021 04:23:49.934,10.314686175683,-116.585664,10.3234111385232,-116.584832473644,0.999999999999998,1.25892541179261e-100,1.27985293407456e-99,5.51635106357891e-92,0,0,-999,-999,
47264,1.06124507151057e-96,0,2,16,1034,1877,844,900,955,160.341116899373,170.150640180202,160.341110229492,170.150634765625,165.245872497559,NaN,NaN,NaN,160.341116899373,170.150640180202,9.98787824957159,9.9878782495716,1000.34182588376,1999.1515044262,06/11/2021 03:46:02.544,06/11/2021 04:23:49.934,10.314686175683,-116.585664,10.3234111385232,-116.584832473644,1,1.25892541179266e-100,1.25739937382769e-99,5.41957297474439e-92,0,0,-999,-999,
47264,1.06124507151057e-96,0,2,17,1034,1877,844,956,1011,170.328995148944,180.138518429774,170.328994750977,180.138519287109,175.233757019043,NaN,NaN,NaN,170.328995148944,180.138518429774,9.98787824957159,9.9878782495716,1000.34182588376,1999.1515044262,06/11/2021 03:46:02.544,06/11/2021 04:23:49.934,10.314686175683,-116.585664,10.3234111385232,-116.584832473644,1,1.25892541179266e-100,1.25739937382769e-99,5.41957297474439e-92,0,0,-999,-999,
47264,1.06124507151057e-96,0,2,18,1034,1877,844,1012,1067,180.316873398516,190.126396679345,180.316879272461,190.126403808594,185.221641540527,NaN,NaN,NaN,180.316873398516,190.126396679345,9.98787824957159,9.9878782495716,1000.34182588376,1999.1515044262,06/11/2021 03:46:02.544,06/11/2021 04:23:49.934,10.314686175683,-116.585664,10.3234111385232,-116.584832473644,1,1.25892541179266e-100,1.25739937382769e-99,5.41957297474439e-92,0,0,-999,-999,
47264,1.06124507151057e-96,0,2,19,1034,1877,844,1068,1123,190.304751648087,200.114274928917,190.304748535156,200.114273071289,195.209510803223,NaN,NaN,NaN,190.304751648087,200.114274928917,9.98787824957162,9.9878782495716,1000.34182588376,1999.1515044262,06/11/2021 03:46:02.544,06/11/2021 04:23:49.934,10.314686175683,-116.585664,10.3234111385232,-116.584832473644,0.999999999999998,1.25892541179266e-100,1.25739937382769e-99,5.41957297474439e-92,0,0,-999,-999,
47264,1.06124507151057e-96,0,2,20,1034,1877,844,1124,1179,200.292629897659,210.102153178488,200.292633056641,210.102157592773,205.197395324707,NaN,NaN,NaN,200.292629897659,210.102153178488,9.98787824957159,9.9878782495716,1000.34182588376,1999.1515044262,06/11/2021 03:46:02.544,06/11/2021 04:23:49.934,10.314686175683,-116.585664,10.3234111385232,-116.584832473644,1,1.25892541179266e-100,1.25739937382769e-99,5.41957297474439e-92,0,0,-999,-999,
47264,1.06124507151057e-96,0,2,21,1034,1877,844,1180,1235,210.280508147231,220.09003142806,210.280502319336,220.090026855469,215.185264587402,NaN,NaN,NaN,210.280508147231,220.09003142806,9.98787824957159,9.9878782495716,1000.34182588376,1999.1515044262,06/11/2021 03:46:02.544,06/11/2021 04:23:49.934,10.314686175683,-116.585664,10.3234111385232,-116.584832473644,1,1.25892541179266e-100,1.25739937382769e-99,5.41957297474439e-92,0,0,-999,-999,
47264,1.06124507151057e-96,0,2,22,1034,1877,844,1236,1291,220.268386396802,230.077909677632,220.26838684082,230.077911376953,225.173149108887,NaN,NaN,NaN,220.268386396802,230.077909677632,9.98787824957159,9.9878782495716,1000.34182588376,1999.1515044262,06/11/2021 03:46:02.544,06/11/2021 04:23:49.934,10.314686175683,-116.585664,10.3234111385232,-116.584832473644,1,1.25892541179266e-100,1.25739937382769e-99,5.41957297474439e-92,0,0,-999,-999,
47264,1.06124507151057e-96,0,2,23,1034,1877,844,1292,1347,230.256264646374,240.065787927203,230.256271362305,240.065780639648,235.161026000977,NaN,NaN,NaN,230.256264646374,240.065787927203,9.98787824957162,9.9878782495716,1000.34182588376,1999.1515044262,06/11/2021 03:46:02.544,06/11/2021 04:23:49.934,10.314686175683,-116.585664,10.3234111385232,-116.584832473644,0.999999999999998,1.25892541179266e-100,1.25739937382769e-99,5.41957297474439e-92,0,0,-999,-999,
46420,1.04229426666221e-96,0,2,24,1034,1877,844,1348,1402,240.244142895945,249.875311208032,240.244140625,249.875305175781,245.059722900391,NaN,NaN,NaN,240.244142895945,249.875311208032,9.80952328082924,9.80952328082925,1000.34182588376,1999.1515044262,06/11/2021 03:46:02.544,06/11/2021 04:23:49.934,10.314686175683,-116.585664,10.3234111385232,-116.584832473644,1,1.25892541179271e-100,1.23494581358081e-99,5.32279488590986e-92,0,0,-999,-999,
50388,0.000637466617112408,438.119453236542,3,1,1878,2761,884,58,114,10.166233218314,20.1541114678856,10.1662330627441,20.1541118621826,15.1601724624634,NaN,NaN,NaN,10.166233218314,20.1541114678856,10.166233218314,10.166233218314,2000.14877935978,2999.61808335983,06/11/2021 04:23:52.605,06/11/2021 05:03:26.289,10.3234190610794,-116.585279485001,10.3318172691735,-116.583444304057,1,7.09324749118769e-08,7.21116082706344e-07,31.0811450588841,0,0,-999,-999,
49504,0.00155403054481801,130.038915121262,3,2,1878,2761,884,115,170,20.3324664366279,30.1419897174572,20.3324661254883,30.1419906616211,25.2372283935547,NaN,NaN,NaN,20.3324664366279,30.1419897174572,9.9878782495716,9.9878782495716,2000.14877935978,2999.61808335983,06/11/2021 04:23:52.605,06/11/2021 05:03:26.289,10.3234190610794,-116.585279485001,10.3318172691735,-116.583444304057,1,1.76008663809368e-07,1.75795310499775e-06,75.7703187787605,0,0,-999,-999,
49504,0.0023379612427361,7.04287208290026,3,3,1878,2761,884,171,226,30.3203446861995,40.1298679670288,30.3203449249268,40.1298675537109,35.2251062393188,NaN,NaN,NaN,30.3203446861995,40.1298679670288,9.9878782495716,9.9878782495716,2000.14877935978,2999.61808335983,06/11/2021 04:23:52.605,06/11/2021 05:03:26.289,10.3234190610794,-116.585279485001,10.3318172691735,-116.583444304057,1,2.64796233088367e-07,2.64475253703179e-06,113.992655578882,0,0,-999,-999,
49504,0.00102456590003657,20.0659458299706,3,4,1878,2761,884,227,282,40.3082229357711,50.1177462166004,40.3082237243652,50.1177444458008,45.212984085083,NaN,NaN,NaN,40.3082229357711,50.1177462166004,9.9878782495716,9.9878782495716,2000.14877935978,2999.61808335983,06/11/2021 04:23:52.605,06/11/2021 05:03:26.289,10.3234190610794,-116.585279485001,10.3318172691735,-116.583444304057,1,1.16041782866757e-07,1.1590111991364e-06,49.9550572635045,0,0,-999,-999,
49504,0.000231335272754777,51.2518579075856,3,5,1878,2761,884,283,338,50.2961011853427,60.105624466172,50.2961006164551,60.1056251525879,55.2008628845215,NaN,NaN,NaN,50.2961011853427,60.105624466172,9.9878782495716,9.9878782495716,2000.14877935978,2999.61808335983,06/11/2021 04:23:52.605,06/11/2021 05:03:26.289,10.3234190610794,-116.585279485001,10.3318172691735,-116.583444304057,1,2.62009085891632e-08,2.61691485016717e-07,11.2792811054134,0,0,-999,-999,
49504,8.798669271774e-05,133.99428724215,3,6,1878,2761,884,339,394,60.2839794349143,70.0935027157436,60.2839813232422,70.093505859375,65.1887435913086,NaN,NaN,NaN,60.2839794349143,70.0935027157436,9.9878782495716,9.9878782495716,2000.14877935978,2999.61808335983,06/11/2021 04:23:52.605,06/11/2021 05:03:26.289,10.3234190610794,-116.585279485001,10.3318172691735,-116.583444304057,1,9.96532550141636e-09,9.95324578254977e-08,4.28999274032464,0,0,-999,-999,
49504,2.92786413682421e-05,295.038145406862,3,7,1878,2761,884,395,450,70.2718576844859,80.0813809653152,70.271858215332,80.0813827514648,75.1766204833984,NaN,NaN,NaN,70.2718576844859,80.0813809653152,9.9878782495716,9.9878782495716,2000.14877935978,2999.61808335983,06/11/2021 04:23:52.605,06/11/2021 05:03:26.289,10.3234190610794,-116.585279485001,10.3318172691735,-116.583444304057,1,3.31608317646129e-09,3.31206350319481e-08,1.42754722375197,0,0,-999,-999,
49504,8.85271303742494e-06,450.076145453573,3,8,1878,2761,884,451,506,80.2597359340575,90.0692592148868,80.2597351074219,90.0692596435547,85.1644973754883,NaN,NaN,NaN,80.2597359340575,90.0692592148868,9.9878782495716,9.9878782495716,2000.14877935978,2999.61808335983,06/11/2021 04:23:52.605,06/11/2021 05:03:26.289,10.3234190610794,-116.585279485001,10.3318172691735,-116.583444304057,1,1.00265351797664e-09,1.00143812640554e-08,0.431634301616079,0,0,-999,-999,
49504,1.08237136209154e-06,178.841557452883,3,9,1878,2761,884,507,562,90.2476141836291,100.057137464458,90.2476119995117,100.057136535645,95.1523742675781,NaN,NaN,NaN,90.2476141836291,100.057137464458,9.9878782495716,9.9878782495716,2000.14877935978,2999.61808335983,06/11/2021 04:23:52.605,06/11/2021 05:03:26.289,10.3234190610794,-116.585279485001,10.3318172691735,-116.583444304057,1,1.22588798413591e-10,1.22440199331622e-09,0.0527734949716072,0,0,-999,-999,
49504,1.96630576238412e-07,61.7006574163234,3,10,1878,2761,884,563,618,100.235492433201,110.04501571403,100.235488891602,110.045013427734,105.140251159668,NaN,NaN,NaN,100.235492433201,110.04501571403,9.9878782495716,9.9878782495716,2000.14877935978,2999.61808335983,06/11/2021 04:23:52.605,06/11/2021 05:03:26.289,10.3234190610794,-116.585279485001,10.3318172691735,-116.583444304057,1,2.22702733245452e-11,2.22432778550239e-10,0.00958717413432861,0,0,-999,-999,
49504,1.83680067584997e-08,20.4900365763165,3,11,1878,2761,884,619,674,110.223370682772,120.032893963602,110.223373413086,120.032890319824,115.128131866455,NaN,NaN,NaN,110.223370682772,120.032893963602,9.9878782495716,9.9878782495716,2000.14877935978,2999.61808335983,06/11/2021 04:23:52.605,06/11/2021 05:03:26.289,10.3234190610794,-116.585279485001,10.3318172691735,-116.583444304057,1,2.08035056787354e-12,2.07782881883481e-11,0.000895574242129801,0,0,-999,-999,
49504,1.11154104646357e-96,0,3,12,1878,2761,884,675,730,120.211248932344,130.020772213173,120.211250305176,130.020767211914,125.116008758545,NaN,NaN,NaN,120.211248932344,130.020772213173,9.9878782495716,9.9878782495716,2000.14877935978,2999.61808335983,06/11/2021 04:23:52.605,06/11/2021 05:03:26.289,10.3234190610794,-116.585279485001,10.3318172691735,-116.583444304057,1,1.25892541179254e-100,1.25739937382757e-99,5.41957297474387e-92,0,0,-999,-999,
49504,1.11154104646357e-96,0,3,13,1878,2761,884,731,786,130.199127181916,140.008650462745,130.199127197266,140.008651733398,135.103889465332,NaN,NaN,NaN,130.199127181916,140.008650462745,9.98787824957159,9.9878782495716,2000.14877935978,2999.61808335983,06/11/2021 04:23:52.605,06/11/2021 05:03:26.289,10.3234190610794,-116.585279485001,10.3318172691735,-116.583444304057,1,1.25892541179254e-100,1.25739937382757e-99,5.41957297474387e-92,0,0,-999,-999,
49504,1.11154104646357e-96,0,3,14,1878,2761,884,787,842,140.187005431487,149.996528712316,140.18701171875,149.996536254883,145.091773986816,NaN,NaN,NaN,140.187005431487,149.996528712316,9.98787824957162,9.9878782495716,2000.14877935978,2999.61808335983,06/11/2021 04:23:52.605,06/11/2021 05:03:26.289,10.3234190610794,-116.585279485001,10.3318172691735,-116.583444304057,0.999999999999998,1.25892541179254e-100,1.25739937382757e-99,5.41957297474387e-92,0,0,-999,-999,
50388,1.13138999372181e-96,0,3,15,1878,2761,884,843,899,150.174883681059,160.16276193063,150.174880981445,160.16276550293,155.168823242188,NaN,NaN,NaN,150.174883681059,160.16276193063,10.166233218314,10.166233218314,2000.14877935978,2999.61808335983,06/11/2021 04:23:52.605,06/11/2021 05:03:26.289,10.3234190610794,-116.585279485001,10.3318172691735,-116.583444304057,0.999999999999998,1.2589254117925e-100,1.27985293407445e-99,5.5163510635784e-92,0,0,-999,-999,
49504,1.11154104646357e-96,0,3,16,1878,2761,884,900,955,160.341116899373,170.150640180202,160.341110229492,170.150634765625,165.245872497559,NaN,NaN,NaN,160.341116899373,170.150640180202,9.98787824957159,9.9878782495716,2000.14877935978,2999.61808335983,06/11/2021 04:23:52.605,06/11/2021 05:03:26.289,10.3234190610794,-116.585279485001,10.3318172691735,-116.583444304057,1,1.25892541179254e-100,1.25739937382757e-99,5.41957297474387e-92,0,0,-999,-999,
49504,1.11154104646357e-96,0,3,17,1878,2761,884,956,1011,170.328995148944,180.138518429774,170.328994750977,180.138519287109,175.233757019043,NaN,NaN,NaN,170.328995148944,180.138518429774,9.98787824957159,9.9878782495716,2000.14877935978,2999.61808335983,06/11/2021 04:23:52.605,06/11/2021 05:03:26.289,10.3234190610794,-116.585279485001,10.3318172691735,-116.583444304057,1,1.25892541179254e-100,1.25739937382757e-99,5.41957297474387e-92,0,0,-999,-999,
49504,1.11154104646357e-96,0,3,18,1878,2761,884,1012,1067,180.316873398516,190.126396679345,180.316879272461,190.126403808594,185.221641540527,NaN,NaN,NaN,180.316873398516,190.126396679345,9.98787824957159,9.9878782495716,2000.14877935978,2999.61808335983,06/11/2021 04:23:52.605,06/11/2021 05:03:26.289,10.3234190610794,-116.585279485001,10.3318172691735,-116.583444304057,1,1.25892541179254e-100,1.25739937382757e-99,5.41957297474387e-92,0,0,-999,-999,
49504,1.11154104646357e-96,0,3,19,1878,2761,884,1068,1123,190.304751648087,200.114274928917,190.304748535156,200.114273071289,195.209510803223,NaN,NaN,NaN,190.304751648087,200.114274928917,9.98787824957162,9.9878782495716,2000.14877935978,2999.61808335983,06/11/2021 04:23:52.605,06/11/2021 05:03:26.289,10.3234190610794,-116.585279485001,10.3318172691735,-116.583444304057,0.999999999999998,1.25892541179254e-100,1.25739937382757e-99,5.41957297474387e-92,0,0,-999,-999,
49504,1.11154104646357e-96,0,3,20,1878,2761,884,1124,1179,200.292629897659,210.102153178488,200.292633056641,210.102157592773,205.197395324707,NaN,NaN,NaN,200.292629897659,210.102153178488,9.98787824957159,9.9878782495716,2000.14877935978,2999.61808335983,06/11/2021 04:23:52.605,06/11/2021 05:03:26.289,10.3234190610794,-116.585279485001,10.3318172691735,-116.583444304057,1,1.25892541179254e-100,1.25739937382757e-99,5.41957297474387e-92,0,0,-999,-999,
49504,1.11154104646357e-96,0,3,21,1878,2761,884,1180,1235,210.280508147231,220.09003142806,210.280502319336,220.090026855469,215.185264587402,NaN,NaN,NaN,210.280508147231,220.09003142806,9.98787824957159,9.9878782495716,2000.14877935978,2999.61808335983,06/11/2021 04:23:52.605,06/11/2021 05:03:26.289,10.3234190610794,-116.585279485001,10.3318172691735,-116.583444304057,1,1.25892541179254e-100,1.25739937382757e-99,5.41957297474387e-92,0,0,-999,-999,
49504,1.11154104646357e-96,0,3,22,1878,2761,884,1236,1291,220.268386396802,230.077909677632,220.26838684082,230.077911376953,225.173149108887,NaN,NaN,NaN,220.268386396802,230.077909677632,9.98787824957159,9.9878782495716,2000.14877935978,2999.61808335983,06/11/2021 04:23:52.605,06/11/2021 05:03:26.289,10.3234190610794,-116.585279485001,10.3318172691735,-116.583444304057,1,1.25892541179254e-100,1.25739937382757e-99,5.41957297474387e-92,0,0,-999,-999,
49504,1.11154104646357e-96,0,3,23,1878,2761,884,1292,1347,230.256264646374,240.065787927203,230.256271362305,240.065780639648,235.161026000977,NaN,NaN,NaN,230.256264646374,240.065787927203,9.98787824957162,9.9878782495716,2000.14877935978,2999.61808335983,06/11/2021 04:23:52.605,06/11/2021 05:03:26.289,10.3234190610794,-116.585279485001,10.3318172691735,-116.583444304057,0.999999999999998,1.25892541179254e-100,1.25739937382757e-99,5.41957297474387e-92,0,0,-999,-999,
48620,1.09169209920533e-96,0,3,24,1878,2761,884,1348,1402,240.244142895945,249.875311208032,240.244140625,249.875305175781,245.059722900391,NaN,NaN,NaN,240.244142895945,249.875311208032,9.80952328082924,9.80952328082925,2000.14877935978,2999.61808335983,06/11/2021 04:23:52.605,06/11/2021 05:03:26.289,10.3234190610794,-116.585279485001,10.3318172691735,-116.583444304057,1,1.25892541179259e-100,1.23494581358069e-99,5.32279488590935e-92,0,0,-999,-999,
49362,0.000800528804529181,293.022383641297,4,1,2762,3627,866,58,114,10.166233218314,20.1541114678856,10.1662330627441,20.1541118621826,15.1601724624634,NaN,NaN,NaN,10.166233218314,20.1541114678856,10.166233218314,10.166233218314,3000.72064257509,3999.73033654793,06/11/2021 05:03:28.964,06/11/2021 05:41:59.874,10.3318271683136,-116.583443724378,10.3399015493799,-116.579738349546,1,9.09282856102187e-08,9.24398157654944e-07,39.8428961983623,0,0,-999,-999,
48496,0.00149321678694208,9.21698769584651,4,2,2762,3627,866,115,170,20.3324664366279,30.1419897174572,20.3324661254883,30.1419906616211,25.2372283935547,NaN,NaN,NaN,20.3324664366279,30.1419897174572,9.9878782495716,9.9878782495716,3000.72064257509,3999.73033654793,06/11/2021 05:03:28.964,06/11/2021 05:41:59.874,10.3318271683136,-116.583443724378,10.3399015493799,-116.579738349546,1,1.72636145936844e-07,1.72426880709247e-06,74.3184768707678,0,0,-999,-999,
48496,0.00224334812223778,5.70245123370821,4,3,2762,3627,866,171,226,30.3203446861995,40.1298679670288,30.3203449249268,40.1298675537109,35.2251062393188,NaN,NaN,NaN,30.3203446861995,40.1298679670288,9.9878782495716,9.9878782495716,3000.72064257509,3999.73033654793,06/11/2021 05:03:28.964,06/11/2021 05:41:59.874,10.3318271683136,-116.583443724378,10.3399015493799,-116.579738349546,1,2.593615188394e-07,2.59047127279189e-06,111.653054662635,0,0,-999,-999,
48496,0.000932832099713261,21.4936929279888,4,4,2762,3627,866,227,282,40.3082229357711,50.1177462166004,40.3082237243652,50.1177444458008,45.212984085083,NaN,NaN,NaN,40.3082229357711,50.1177462166004,9.9878782495716,9.9878782495716,3000.72064257509,3999.73033654793,06/11/2021 05:03:28.964,06/11/2021 05:41:59.874,10.3318271683136,-116.583443724378,10.3399015493799,-116.579738349546,1,1.07848063261103e-07,1.077173325304e-06,46.4277266590487,0,0,-999,-999,
48496,0.000186784544277902,63.44224042048,4,5,2762,3627,866,283,338,50.2961011853427,60.105624466172,50.2961006164551,60.1056251525879,55.2008628845215,NaN,NaN,NaN,50.2961011853427,60.105624466172,9.9878782495716,9.9878782495716,3000.72064257509,3999.73033654793,06/11/2021 05:03:28.964,06/11/2021 05:41:59.874,10.3318271683136,-116.583443724378,10.3399015493799,-116.579738349546,1,2.15948307885971e-08,2.15686540736608e-07,9.29640153735604,0,0,-999,-999,
48496,7.93629811833298e-05,136.689595130399,4,6,2762,3627,866,339,394,60.2839794349143,70.0935027157436,60.2839813232422,70.093505859375,65.1887435913086,NaN,NaN,NaN,60.2839794349143,70.0935027157436,9.9878782495716,9.9878782495716,3000.72064257509,3999.73033654793,06/11/2021 05:03:28.964,06/11/2021 05:41:59.874,10.3318271683136,-116.583443724378,10.3399015493799,-116.579738349546,1,9.17543877175803e-09,9.1643165338718e-08,3.94995283541321,0,0,-999,-999,
48496,2.85456388628678e-05,300.868153639598,4,7,2762,3627,866,395,450,70.2718576844859,80.0813809653152,70.271858215332,80.0813827514648,75.1766204833984,NaN,NaN,NaN,70.2718576844859,80.0813809653152,9.9878782495716,9.9878782495716,3000.72064257509,3999.73033654793,06/11/2021 05:03:28.964,06/11/2021 05:41:59.874,10.3318271683136,-116.583443724378,10.3399015493799,-116.579738349546,1,3.30026364536287e-09,3.29626314813716e-08,1.42073704243296,0,0,-999,-999,
48496,1.02864996462697e-05,454.799905314455,4,8,2762,3627,866,451,506,80.2597359340575,90.0692592148868,80.2597351074219,90.0692596435547,85.1644973754883,NaN,NaN,NaN,80.2597359340575,90.0692592148868,9.9878782495716,9.9878782495716,3000.72064257509,3999.73033654793,06/11/2021 05:03:28.964,06/11/2021 05:41:59.874,10.3318271683136,-116.583443724378,10.3399015493799,-116.579738349546,1,1.18925910131868e-09,1.18781751111659e-08,0.511966509302381,0,0,-999,-999,
48496,2.53274864776771e-06,263.090050460403,4,9,2762,3627,866,507,562,90.2476141836291,100.057137464458,90.2476119995117,100.057136535645,95.1523742675781,NaN,NaN,NaN,90.2476141836291,100.057137464458,9.9878782495716,9.9878782495716,3000.72064257509,3999.73033654793,06/11/2021 05:03:28.964,06/11/2021 05:41:59.874,10.3318271683136,-116.583443724378,10.3399015493799,-116.579738349546,1,2.92820151099956e-10,2.92465201820752e-09,0.126056727626311,0,0,-999,-999,
48496,5.94848217551735e-08,35.4023153528025,4,10,2762,3627,866,563,618,100.235492433201,110.04501571403,100.235488891602,110.045013427734,105.140251159668,NaN,NaN,NaN,100.235492433201,110.04501571403,9.9878782495716,9.9878782495716,3000.72064257509,3999.73033654793,06/11/2021 05:03:28.964,06/11/2021 05:41:59.874,10.3318271683136,-116.583443724378,10.3399015493799,-116.579738349546,1,6.87725349685049e-12,6.86891706179832e-11,0.00296060249819913,0,0,-999,-999,
48496,2.04718015820387e-09,5.8852784064315,4,11,2762,3627,866,619,674,110.223370682772,120.032893963602,110.223373413086,120.032890319824,115.128131866455,NaN,NaN,NaN,110.223370682772,120.032893963602,9.9878782495716,9.9878782495716,3000.72064257509,3999.73033654793,06/11/2021 05:03:28.964,06/11/2021 05:41:59.874,10.3318271683136,-116.583443724378,10.3399015493799,-116.579738349546,1,2.36681837253148e-13,2.36394937436937e-12,0.000101889633553705,0,0,-999,-999,
48496,1.08890785773472e-96,0,4,12,2762,3627,866,675,730,120.211248932344,130.020772213173,120.211250305176,130.020767211914,125.116008758545,NaN,NaN,NaN,120.211248932344,130.020772213173,9.9878782495716,9.9878782495716,3000.72064257509,3999.73033654793,06/11/2021 05:03:28.964,06/11/2021 05:41:59.874,10.3318271683136,-116.583443724378,10.3399015493799,-116.579738349546,1,1.25892541179259e-100,1.25739937382762e-99,5.4195729747441e-92,0,0,-999,-999,
48496,1.08890785773472e-96,0,4,13,2762,3627,866,731,786,130.199127181916,140.008650462745,130.199127197266,140.008651733398,135.103889465332,NaN,NaN,NaN,130.199127181916,140.008650462745,9.98787824957159,9.9878782495716,3000.72064257509,3999.73033654793,06/11/2021 05:03:28.964,06/11/2021 05:41:59.874,10.3318271683136,-116.583443724378,10.3399015493799,-116.579738349546,1,1.25892541179259e-100,1.25739937382762e-99,5.4195729747441e-92,0,0,-999,-999,
48496,1.96810711788051e-09,4.17507800152284,4,14,2762,3627,866,787,842,140.187005431487,149.996528712316,140.18701171875,149.996536254883,145.091773986816,NaN,NaN,NaN,140.187005431487,149.996528712316,9.98787824957162,9.9878782495716,3000.72064257509,3999.73033654793,06/11/2021 05:03:28.964,06/11/2021 05:41:59.874,10.3318271683136,-116.583443724378,10.3399015493799,-116.579738349546,0.999999999999998,2.27539919583652e-13,2.27264101371883e-12,9.79541112840902e-05,0,0,-999,-999,
49362,1.10835264090852e-96,0,4,15,2762,3627,866,843,899,150.174883681059,160.16276193063,150.174880981445,160.16276550293,155.168823242188,NaN,NaN,NaN,150.174883681059,160.16276193063,10.166233218314,10.166233218314,3000.72064257509,3999.73033654793,06/11/2021 05:03:28.964,06/11/2021 05:41:59.874,10.3318271683136,-116.583443724378,10.3399015493799,-116.579738349546,0.999999999999998,1.25892541179255e-100,1.2798529340745e-99,5.51635106357862e-92,0,0,-999,-999,
48496,1.08890785773472e-96,0,4,16,2762,3627,866,900,955,160.341116899373,170.150640180202,160.341110229492,170.150634765625,165.245872497559,NaN,NaN,NaN,160.341116899373,170.150640180202,9.98787824957159,9.9878782495716,3000.72064257509,3999.73033654793,06/11/2021 05:03:28.964,06/11/2021 05:41:59.874,10.3318271683136,-116.583443724378,10.3399015493799,-116.579738349546,1,1.25892541179259e-100,1.25739937382762e-99,5.4195729747441e-92,0,0,-999,-999,
48496,1.08890785773472e-96,0,4,17,2762,3627,866,956,1011,170.328995148944,180.138518429774,170.328994750977,180.138519287109,175.233757019043,NaN,NaN,NaN,170.328995148944,180.138518429774,9.98787824957159,9.9878782495716,3000.72064257509,3999.73033654793,06/11/2021 05:03:28.964,06/11/2021 05:41:59.874,10.3318271683136,-116.583443724378,10.3399015493799,-116.579738349546,1,1.25892541179259e-100,1.25739937382762e-99,5.4195729747441e-92,0,0,-999,-999,
48496,1.08890785773472e-96,0,4,18,2762,3627,866,1012,1067,180.316873398516,190.126396679345,180.316879272461,190.126403808594,185.221641540527,NaN,NaN,NaN,180.316873398516,190.126396679345,9.98787824957159,9.9878782495716,3000.72064257509,3999.73033654793,06/11/2021 05:03:28.964,06/11/2021 05:41:59.874,10.3318271683136,-116.583443724378,10.3399015493799,-116.579738349546,1,1.25892541179259e-100,1.25739937382762e-99,5.4195729747441e-92,0,0,-999,-999,
48496,1.08890785773472e-96,0,4,19,2762,3627,866,1068,1123,190.304751648087,200.114274928917,190.304748535156,200.114273071289,195.209510803223,NaN,NaN,NaN,190.304751648087,200.114274928917,9.98787824957162,9.9878782495716,3000.72064257509,3999.73033654793,06/11/2021 05:03:28.964,06/11/2021 05:41:59.874,10.3318271683136,-116.583443724378,10.3399015493799,-116.579738349546,0.999999999999998,1.25892541179259e-100,1.25739937382762e-99,5.4195729747441e-92,0,0,-999,-999,
48496,1.08890785773472e-96,0,4,20,2762,3627,866,1124,1179,200.292629897659,210.102153178488,200.292633056641,210.102157592773,205.197395324707,NaN,NaN,NaN,200.292629897659,210.102153178488,9.98787824957159,9.9878782495716,3000.72064257509,3999.73033654793,06/11/2021 05:03:28.964,06/11/2021 05:41:59.874,10.3318271683136,-116.583443724378,10.3399015493799,-116.579738349546,1,1.25892541179259e-100,1.25739937382762e-99,5.4195729747441e-92,0,0,-999,-999,
48496,1.08890785773472e-96,0,4,21,2762,3627,866,1180,1235,210.280508147231,220.09003142806,210.280502319336,220.090026855469,215.185264587402,NaN,NaN,NaN,210.280508147231,220.09003142806,9.98787824957159,9.9878782495716,3000.72064257509,3999.73033654793,06/11/2021 05:03:28.964,06/11/2021 05:41:59.874,10.3318271683136,-116.583443724378,10.3399015493799,-116.579738349546,1,1.25892541179259e-100,1.25739937382762e-99,5.4195729747441e-92,0,0,-999,-999,
48496,1.08890785773472e-96,0,4,22,2762,3627,866,1236,1291,220.268386396802,230.077909677632,220.26838684082,230.077911376953,225.173149108887,NaN,NaN,NaN,220.268386396802,230.077909677632,9.98787824957159,9.9878782495716,3000.72064257509,3999.73033654793,06/11/2021 05:03:28.964,06/11/2021 05:41:59.874,10.3318271683136,-116.583443724378,10.3399015493799,-116.579738349546,1,1.25892541179259e-100,1.25739937382762e-99,5.4195729747441e-92,0,0,-999,-999,
48496,1.08890785773472e-96,0,4,23,2762,3627,866,1292,1347,230.256264646374,240.065787927203,230.256271362305,240.065780639648,235.161026000977,NaN,NaN,NaN,230.256264646374,240.065787927203,9.98787824957162,9.9878782495716,3000.72064257509,3999.73033654793,06/11/2021 05:03:28.964,06/11/2021 05:41:59.874,10.3318271683136,-116.583443724378,10.3399015493799,-116.579738349546,0.999999999999998,1.25892541179259e-100,1.25739937382762e-99,5.4195729747441e-92,0,0,-999,-999,
47630,1.06946307456093e-96,0,4,24,2762,3627,866,1348,1402,240.244142895945,249.875311208032,240.244140625,249.875305175781,245.059722900391,NaN,NaN,NaN,240.244142895945,249.875311208032,9.80952328082924,9.80952328082925,3000.72064257509,3999.73033654793,06/11/2021 05:03:28.964,06/11/2021 05:41:59.874,10.3318271683136,-116.583443724378,10.3399015493799,-116.579738349546,1,1.25892541179264e-100,1.23494581358075e-99,5.32279488590958e-92,0,0,-999,-999,
49704,0.000479485303783261,462.569761266082,5,1,3628,4499,872,58,114,10.166233218314,20.1541114678856,10.1662330627441,20.1541118621826,15.1601724624634,NaN,NaN,NaN,10.166233218314,20.1541114678856,10.166233218314,10.166233218314,4000.93188791664,4999.37488421849,06/11/2021 05:42:02.544,06/11/2021 06:21:04.265,10.3399099726549,-116.579731469208,10.3478604342226,-116.576038054487,1,5.40877290372204e-08,5.49868467641354e-07,23.7001254249199,0,0,-999,-999,
48832,0.00130157476355976,188.972811202863,5,2,3628,4499,872,115,170,20.3324664366279,30.1419897174572,20.3324661254883,30.1419906616211,25.2372283935547,NaN,NaN,NaN,20.3324664366279,30.1419897174572,9.9878782495716,9.9878782495716,4000.93188791664,4999.37488421849,06/11/2021 05:42:02.544,06/11/2021 06:21:04.265,10.3399099726549,-116.579731469208,10.3478604342226,-116.576038054487,1,1.49444313625959e-07,1.49263160958688e-06,64.3345789805905,0,0,-999,-999,
48832,0.00220754548368658,10.1173323168841,5,3,3628,4499,872,171,226,30.3203446861995,40.1298679670288,30.3203449249268,40.1298675537109,35.2251062393188,NaN,NaN,NaN,30.3203446861995,40.1298679670288,9.9878782495716,9.9878782495716,4000.93188791664,4999.37488421849,06/11/2021 05:42:02.544,06/11/2021 06:21:04.265,10.3399099726549,-116.579731469208,10.3478604342226,-116.576038054487,1,2.53466131062153e-07,2.53158885743874e-06,109.1151374855,0,0,-999,-999,
48832,0.00114307946460084,18.2650871216312,5,4,3628,4499,872,227,282,40.3082229357711,50.1177462166004,40.3082237243652,50.1177444458008,45.212984085083,NaN,NaN,NaN,40.3082229357711,50.1177462166004,9.9878782495716,9.9878782495716,4000.93188791664,4999.37488421849,06/11/2021 05:42:02.544,06/11/2021 06:21:04.265,10.3399099726549,-116.579731469208,10.3478604342226,-116.576038054487,1,1.31246187917779e-07,1.31087094564317e-06,56.5004317503256,0,0,-999,-999,
48832,0.00027214619162982,46.9073055896094,5,5,3628,4499,872,283,338,50.2961011853427,60.105624466172,50.2961006164551,60.1056251525879,55.2008628845215,NaN,NaN,NaN,50.2961011853427,60.105624466172,9.9878782495716,9.9878782495716,4000.93188791664,4999.37488421849,06/11/2021 05:42:02.544,06/11/2021 06:21:04.265,10.3399099726549,-116.579731469208,10.3478604342226,-116.576038054487,1,3.12473028462879e-08,3.12094256456216e-07,13.451713378178,0,0,-999,-999,
48832,6.94129341548146e-05,146.057601120412,5,6,3628,4499,872,339,394,60.2839794349143,70.0935027157436,60.2839813232422,70.093505859375,65.1887435913086,NaN,NaN,NaN,60.2839794349143,70.0935027157436,9.9878782495716,9.9878782495716,4000.93188791664,4999.37488421849,06/11/2021 05:42:02.544,06/11/2021 06:21:04.265,10.3399099726549,-116.579731469208,10.3478604342226,-116.576038054487,1,7.96985973603193e-09,7.96019887096498e-08,3.43096072517883,0,0,-999,-999,
48832,2.39669210202094e-05,345.816862148945,5,7,3628,4499,872,395,450,70.2718576844859,80.0813809653152,70.271858215332,80.0813827514648,75.1766204833984,NaN,NaN,NaN,70.2718576844859,80.0813809653152,9.9878782495716,9.9878782495716,4000.93188791664,4999.37488421849,06/11/2021 05:42:02.544,06/11/2021 06:21:04.265,10.3399099726549,-116.579731469208,10.3478604342226,-116.576038054487,1,2.75183582370397e-09,2.74850011699649e-08,1.18464326173565,0,0,-999,-999,
48832,5.9534268363854e-06,418.618666989352,5,8,3628,4499,872,451,506,80.2597359340575,90.0692592148868,80.2597351074219,90.0692596435547,85.1644973754883,NaN,NaN,NaN,80.2597359340575,90.0692592148868,9.9878782495716,9.9878782495716,4000.93188791664,4999.37488421849,06/11/2021 05:42:02.544,06/11/2021 06:21:04.265,10.3399099726549,-116.579731469208,10.3478604342226,-116.576038054487,1,6.83561030987319e-10,6.82732435365298e-09,0.294267544004221,0,0,-999,-999,
48832,2.55404053699769e-06,261.751508453942,5,9,3628,4499,872,507,562,90.2476141836291,100.057137464458,90.2476119995117,100.057136535645,95.1523742675781,NaN,NaN,NaN,90.2476141836291,100.057137464458,9.9878782495716,9.9878782495716,4000.93188791664,4999.37488421849,06/11/2021 05:42:02.544,06/11/2021 06:21:04.265,10.3399099726549,-116.579731469208,10.3478604342226,-116.576038054487,1,2.93250027359626e-10,2.92894556995148e-09,0.126241785909953,0,0,-999,-999,
48832,5.01331529585051e-08,32.5169141765253,5,10,3628,4499,872,563,618,100.235492433201,110.04501571403,100.235488891602,110.045013427734,105.140251159668,NaN,NaN,NaN,100.235492433201,110.04501571403,9.9878782495716,9.9878782495716,4000.93188791664,4999.37488421849,06/11/2021 05:42:02.544,06/11/2021 06:21:04.265,10.3399099726549,-116.579731469208,10.3478604342226,-116.576038054487,1,5.75619230146902e-12,5.74921478881939e-11,0.00247799464068734,0,0,-999,-999,
48832,1.09645225397767e-96,0,5,11,3628,4499,872,619,674,110.223370682772,120.032893963602,110.223373413086,120.032890319824,115.128131866455,NaN,NaN,NaN,110.223370682772,120.032893963602,9.9878782495716,9.9878782495716,4000.93188791664,4999.37488421849,06/11/2021 05:42:02.544,06/11/2021 06:21:04.265,10.3399099726549,-116.579731469208,10.3478604342226,-116.576038054487,1,1.25892541179258e-100,1.2573993738276e-99,5.41957297474402e-92,0,0,-999,-999,
48832,1.09645225397767e-96,0,5,12,3628,4499,872,675,730,120.211248932344,130.020772213173,120.211250305176,130.020767211914,125.116008758545,NaN,NaN,NaN,120.211248932344,130.020772213173,9.9878782495716,9.9878782495716,4000.93188791664,4999.37488421849,06/11/2021 05:42:02.544,06/11/2021 06:21:04.265,10.3399099726549,-116.579731469208,10.3478604342226,-116.576038054487,1,1.25892541179258e-100,1.2573993738276e-99,5.41957297474402e-92,0,0,-999,-999,
48832,1.09645225397767e-96,0,5,13,3628,4499,872,731,786,130.199127181916,140.008650462745,130.199127197266,140.008651733398,135.103889465332,NaN,NaN,NaN,130.199127181916,140.008650462745,9.98787824957159,9.9878782495716,4000.93188791664,4999.37488421849,06/11/2021 05:42:02.544,06/11/2021 06:21:04.265,10.3399099726549,-116.579731469208,10.3478604342226,-116.576038054487,1,1.25892541179258e-100,1.2573993738276e-99,5.41957297474402e-92,0,0,-999,-999,
48832,1.09645225397767e-96,0,5,14,3628,4499,872,787,842,140.187005431487,149.996528712316,140.18701171875,149.996536254883,145.091773986816,NaN,NaN,NaN,140.187005431487,149.996528712316,9.98787824957162,9.9878782495716,4000.93188791664,4999.37488421849,06/11/2021 05:42:02.544,06/11/2021 06:21:04.265,10.3399099726549,-116.579731469208,10.3478604342226,-116.576038054487,0.999999999999998,1.25892541179258e-100,1.2573993738276e-99,5.41957297474402e-92,0,0,-999,-999,
49704,1.11603175851295e-96,0,5,15,3628,4499,872,843,899,150.174883681059,160.16276193063,150.174880981445,160.16276550293,155.168823242188,NaN,NaN,NaN,150.174883681059,160.16276193063,10.166233218314,10.166233218314,4000.93188791664,4999.37488421849,06/11/2021 05:42:02.544,06/11/2021 06:21:04.265,10.3399099726549,-116.579731469208,10.3478604342226,-116.576038054487,0.999999999999998,1.25892541179253e-100,1.27985293407448e-99,5.51635106357854e-92,0,0,-999,-999,
48832,1.09645225397767e-96,0,5,16,3628,4499,872,900,955,160.341116899373,170.150640180202,160.341110229492,170.150634765625,165.245872497559,NaN,NaN,NaN,160.341116899373,170.150640180202,9.98787824957159,9.9878782495716,4000.93188791664,4999.37488421849,06/11/2021 05:42:02.544,06/11/2021 06:21:04.265,10.3399099726549,-116.579731469208,10.3478604342226,-116.576038054487,1,1.25892541179258e-100,1.2573993738276e-99,5.41957297474402e-92,0,0,-999,-999,
48832,1.09645225397767e-96,0,5,17,3628,4499,872,956,1011,170.328995148944,180.138518429774,170.328994750977,180.138519287109,175.233757019043,NaN,NaN,NaN,170.328995148944,180.138518429774,9.98787824957159,9.9878782495716,4000.93188791664,4999.37488421849,06/11/2021 05:42:02.544,06/11/2021 06:21:04.265,10.3399099726549,-116.579731469208,10.3478604342226,-116.576038054487,1,1.25892541179258e-100,1.2573993738276e-99,5.41957297474402e-92,0,0,-999,-999,
48832,1.09645225397767e-96,0,5,18,3628,4499,872,1012,1067,180.316873398516,190.126396679345,180.316879272461,190.126403808594,185.221641540527,NaN,NaN,NaN,180.316873398516,190.126396679345,9.98787824957159,9.9878782495716,4000.93188791664,4999.37488421849,06/11/2021 05:42:02.544,06/11/2021 06:21:04.265,10.3399099726549,-116.579731469208,10.3478604342226,-116.576038054487,1,1.25892541179258e-100,1.2573993738276e-99,5.41957297474402e-92,0,0,-999,-999,
48832,1.09645225397767e-96,0,5,19,3628,4499,872,1068,1123,190.304751648087,200.114274928917,190.304748535156,200.114273071289,195.209510803223,NaN,NaN,NaN,190.304751648087,200.114274928917,9.98787824957162,9.9878782495716,4000.93188791664,4999.37488421849,06/11/2021 05:42:02.544,06/11/2021 06:21:04.265,10.3399099726549,-116.579731469208,10.3478604342226,-116.576038054487,0.999999999999998,1.25892541179258e-100,1.2573993738276e-99,5.41957297474402e-92,0,0,-999,-999,
48832,1.09645225397767e-96,0,5,20,3628,4499,872,1124,1179,200.292629897659,210.102153178488,200.292633056641,210.102157592773,205.197395324707,NaN,NaN,NaN,200.292629897659,210.102153178488,9.98787824957159,9.9878782495716,4000.93188791664,4999.37488421849,06/11/2021 05:42:02.544,06/11/2021 06:21:04.265,10.3399099726549,-116.579731469208,10.3478604342226,-116.576038054487,1,1.25892541179258e-100,1.2573993738276e-99,5.41957297474402e-92,0,0,-999,-999,
48832,1.09645225397767e-96,0,5,21,3628,4499,872,1180,1235,210.280508147231,220.09003142806,210.280502319336,220.090026855469,215.185264587402,NaN,NaN,NaN,210.280508147231,220.09003142806,9.98787824957159,9.9878782495716,4000.93188791664,4999.37488421849,06/11/2021 05:42:02.544,06/11/2021 06:21:04.265,10.3399099726549,-116.579731469208,10.3478604342226,-116.576038054487,1,1.25892541179258e-100,1.2573993738276e-99,5.41957297474402e-92,0,0,-999,-999,
48832,1.09645225397767e-96,0,5,22,3628,4499,872,1236,1291,220.268386396802,230.077909677632,220.26838684082,230.077911376953,225.173149108887,NaN,NaN,NaN,220.268386396802,230.077909677632,9.98787824957159,9.9878782495716,4000.93188791664,4999.37488421849,06/11/2021 05:42:02.544,06/11/2021 06:21:04.265,10.3399099726549,-116.579731469208,10.3478604342226,-116.576038054487,1,1.25892541179258e-100,1.2573993738276e-99,5.41957297474402e-92,0,0,-999,-999,
48832,1.09645225397767e-96,0,5,23,3628,4499,872,1292,1347,230.256264646374,240.065787927203,230.256271362305,240.065780639648,235.161026000977,NaN,NaN,NaN,230.256264646374,240.065787927203,9.98787824957162,9.9878782495716,4000.93188791664,4999.37488421849,06/11/2021 05:42:02.544,06/11/2021 06:21:04.265,10.3399099726549,-116.579731469208,10.3478604342226,-116.576038054487,0.999999999999998,1.25892541179258e-100,1.2573993738276e-99,5.41957297474402e-92,0,0,-999,-999,
47960,1.07687274944239e-96,0,5,24,3628,4499,872,1348,1402,240.244142895945,249.875311208032,240.244140625,249.875305175781,245.059722900391,NaN,NaN,NaN,240.244142895945,249.875311208032,9.80952328082924,9.80952328082925,4000.93188791664,4999.37488421849,06/11/2021 05:42:02.544,06/11/2021 06:21:04.265,10.3399099726549,-116.579731469208,10.3478604342226,-116.576038054487,1,1.25892541179262e-100,1.23494581358073e-99,5.3227948859095e-92,0,0,-999,-999,
38988,0.000490180154089933,385.10954638386,6,1,4500,5183,684,58,114,10.166233218314,20.1541114678856,10.1662330627441,20.1541118621826,15.1601724624634,NaN,NaN,NaN,10.166233218314,20.1541114678856,10.166233218314,10.166233218314,5000.49841639424,5999.4321208647,06/11/2021 06:21:06.934,06/11/2021 06:51:31.435,10.3478688430792,-116.576049206804,10.3532511093091,-116.569335371319,1,7.0491954767207e-08,7.16637652178264e-07,30.8881182325277,0,0,-999,-999,
38304,0.00101909930455211,104.65808096927,6,2,4500,5183,684,115,170,20.3324664366279,30.1419897174572,20.3324661254883,30.1419906616211,25.2372283935547,NaN,NaN,NaN,20.3324664366279,30.1419897174572,9.9878782495716,9.9878782495716,5000.49841639424,5999.4321208647,06/11/2021 06:21:06.934,06/11/2021 06:51:31.435,10.3478688430792,-116.576049206804,10.3532511093091,-116.569335371319,1,1.49171948910068e-07,1.48991126396508e-06,64.2173281538385,0,0,-999,-999,
38304,0.00166064282907927,8.76807994248299,6,3,4500,5183,684,171,226,30.3203446861995,40.1298679670288,30.3203449249268,40.1298675537109,35.2251062393188,NaN,NaN,NaN,30.3203446861995,40.1298679670288,9.9878782495716,9.9878782495716,5000.49841639424,5999.4321208647,06/11/2021 06:21:06.934,06/11/2021 06:51:31.435,10.3478688430792,-116.576049206804,10.3532511093091,-116.569335371319,1,2.43078693264496e-07,2.42784039339075e-06,104.64342878555,0,0,-999,-999,
38304,0.00103210809662897,13.8432005758472,6,4,4500,5183,684,227,282,40.3082229357711,50.1177462166004,40.3082237243652,50.1177444458008,45.212984085083,NaN,NaN,NaN,40.3082229357711,50.1177462166004,9.9878782495716,9.9878782495716,5000.49841639424,5999.4321208647,06/11/2021 06:21:06.934,06/11/2021 06:51:31.435,10.3478688430792,-116.576049206804,10.3532511093091,-116.569335371319,1,1.51076127294258e-07,1.50892996583183e-06,65.0370616831944,0,0,-999,-999,
38304,0.000356242018792909,39.0455865352034,6,5,4500,5183,684,283,338,50.2961011853427,60.105624466172,50.2961006164551,60.1056251525879,55.2008628845215,NaN,NaN,NaN,50.2961011853427,60.105624466172,9.9878782495716,9.9878782495716,5000.49841639424,5999.4321208647,06/11/2021 06:21:06.934,06/11/2021 06:51:31.435,10.3478688430792,-116.576049206804,10.3532511093091,-116.569335371319,1,5.21453758133518e-08,5.20821664901914e-07,22.4481662589932,0,0,-999,-999,
38304,0.000118663444920207,103.346639610357,6,6,4500,5183,684,339,394,60.2839794349143,70.0935027157436,60.2839813232422,70.093505859375,65.1887435913086,NaN,NaN,NaN,60.2839794349143,70.0935027157436,9.9878782495716,9.9878782495716,5000.49841639424,5999.4321208647,06/11/2021 06:21:06.934,06/11/2021 06:51:31.435,10.3478688430792,-116.576049206804,10.3532511093091,-116.569335371319,1,1.7369511748327e-08,1.73484568596794e-07,7.47743556321524,0,0,-999,-999,
38304,2.35950517700679e-05,326.797594814591,6,7,4500,5183,684,395,450,70.2718576844859,80.0813809653152,70.271858215332,80.0813827514648,75.1766204833984,NaN,NaN,NaN,70.2718576844859,80.0813809653152,9.9878782495716,9.9878782495716,5000.49841639424,5999.4321208647,06/11/2021 06:21:06.934,06/11/2021 06:51:31.435,10.3478688430792,-116.576049206804,10.3532511093091,-116.569335371319,1,3.45375552848786e-09,3.44956897223216e-08,1.48681406763513,0,0,-999,-999,
38304,5.26251277523366e-06,429.516234419762,6,8,4500,5183,684,451,506,80.2597359340575,90.0692592148868,80.2597351074219,90.0692596435547,85.1644973754883,NaN,NaN,NaN,80.2597359340575,90.0692592148868,9.9878782495716,9.9878782495716,5000.49841639424,5999.4321208647,06/11/2021 06:21:06.934,06/11/2021 06:51:31.435,10.3478688430792,-116.576049206804,10.3532511093091,-116.569335371319,1,7.70306959625242e-10,7.69373212753459e-09,0.331610970875377,0,0,-999,-999,
38304,1.34230557168109e-06,218.354247876543,6,9,4500,5183,684,507,562,90.2476141836291,100.057137464458,90.2476119995117,100.057136535645,95.1523742675781,NaN,NaN,NaN,90.2476141836291,100.057137464458,9.9878782495716,9.9878782495716,5000.49841639424,5999.4321208647,06/11/2021 06:21:06.934,06/11/2021 06:51:31.435,10.3478688430792,-116.576049206804,10.3532511093091,-116.569335371319,1,1.96481674814324e-10,1.96243504631738e-09,0.08458378589244,0,0,-999,-999,
38304,7.10891222195977e-08,39.8821918200883,6,10,4500,5183,684,563,618,100.235492433201,110.04501571403,100.235488891602,110.045013427734,105.140251159668,NaN,NaN,NaN,100.235492433201,110.04501571403,9.9878782495716,9.9878782495716,5000.49841639424,5999.4321208647,06/11/2021 06:21:06.934,06/11/2021 06:51:31.435,10.3478688430792,-116.576049206804,10.3532511093091,-116.569335371319,1,1.04057601260596e-11,1.0393146523333e-10,0.00447959631544503,0,0,-999,-999,
38304,8.60061171698557e-97,0,6,11,4500,5183,684,619,674,110.223370682772,120.032893963602,110.223373413086,120.032890319824,115.128131866455,NaN,NaN,NaN,110.223370682772,120.032893963602,9.9878782495716,9.9878782495716,5000.49841639424,5999.4321208647,06/11/2021 06:21:06.934,06/11/2021 06:51:31.435,10.3478688430792,-116.576049206804,10.3532511093091,-116.569335371319,1,1.25892541179327e-100,1.2573993738283e-99,5.41957297474702e-92,0,0,-999,-999,
38304,8.60061171698557e-97,0,6,12,4500,5183,684,675,730,120.211248932344,130.020772213173,120.211250305176,130.020767211914,125.116008758545,NaN,NaN,NaN,120.211248932344,130.020772213173,9.9878782495716,9.9878782495716,5000.49841639424,5999.4321208647,06/11/2021 06:21:06.934,06/11/2021 06:51:31.435,10.3478688430792,-116.576049206804,10.3532511093091,-116.569335371319,1,1.25892541179327e-100,1.2573993738283e-99,5.41957297474702e-92,0,0,-999,-999,
38304,8.60061171698557e-97,0,6,13,4500,5183,684,731,786,130.199127181916,140.008650462745,130.199127197266,140.008651733398,135.103889465332,NaN,NaN,NaN,130.199127181916,140.008650462745,9.98787824957159,9.9878782495716,5000.49841639424,5999.4321208647,06/11/2021 06:21:06.934,06/11/2021 06:51:31.435,10.3478688430792,-116.576049206804,10.3532511093091,-116.569335371319,1,1.25892541179327e-100,1.2573993738283e-99,5.41957297474702e-92,0,0,-999,-999,
38304,8.60061171698557e-97,0,6,14,4500,5183,684,787,842,140.187005431487,149.996528712316,140.18701171875,149.996536254883,145.091773986816,NaN,NaN,NaN,140.187005431487,149.996528712316,9.98787824957162,9.9878782495716,5000.49841639424,5999.4321208647,06/11/2021 06:21:06.934,06/11/2021 06:51:31.435,10.3478688430792,-116.576049206804,10.3532511093091,-116.569335371319,0.999999999999998,1.25892541179327e-100,1.2573993738283e-99,5.41957297474702e-92,0,0,-999,-999,
38988,8.7541940690742e-97,0,6,15,4500,5183,684,843,899,150.174883681059,160.16276193063,150.174880981445,160.16276550293,155.168823242188,NaN,NaN,NaN,150.174883681059,160.16276193063,10.166233218314,10.166233218314,5000.49841639424,5999.4321208647,06/11/2021 06:21:06.934,06/11/2021 06:51:31.435,10.3478688430792,-116.576049206804,10.3532511093091,-116.569335371319,0.999999999999998,1.25892541179322e-100,1.27985293407518e-99,5.51635106358154e-92,0,0,-999,-999,
38304,8.60061171698557e-97,0,6,16,4500,5183,684,900,955,160.341116899373,170.150640180202,160.341110229492,170.150634765625,165.245872497559,NaN,NaN,NaN,160.341116899373,170.150640180202,9.98787824957159,9.9878782495716,5000.49841639424,5999.4321208647,06/11/2021 06:21:06.934,06/11/2021 06:51:31.435,10.3478688430792,-116.576049206804,10.3532511093091,-116.569335371319,1,1.25892541179327e-100,1.2573993738283e-99,5.41957297474702e-92,0,0,-999,-999,
38304,8.60061171698557e-97,0,6,17,4500,5183,684,956,1011,170.328995148944,180.138518429774,170.328994750977,180.138519287109,175.233757019043,NaN,NaN,NaN,170.328995148944,180.138518429774,9.98787824957159,9.9878782495716,5000.49841639424,5999.4321208647,06/11/2021 06:21:06.934,06/11/2021 06:51:31.435,10.3478688430792,-116.576049206804,10.3532511093091,-116.569335371319,1,1.25892541179327e-100,1.2573993738283e-99,5.41957297474702e-92,0,0,-999,-999,
38304,8.60061171698557e-97,0,6,18,4500,5183,684,1012,1067,180.316873398516,190.126396679345,180.316879272461,190.126403808594,185.221641540527,NaN,NaN,NaN,180.316873398516,190.126396679345,9.98787824957159,9.9878782495716,5000.49841639424,5999.4321208647,06/11/2021 06:21:06.934,06/11/2021 06:51:31.435,10.3478688430792,-116.576049206804,10.3532511093091,-116.569335371319,1,1.25892541179327e-100,1.2573993738283e-99,5.41957297474702e-92,0,0,-999,-999,
38304,8.60061171698557e-97,0,6,19,4500,5183,684,1068,1123,190.304751648087,200.114274928917,190.304748535156,200.114273071289,195.209510803223,NaN,NaN,NaN,190.304751648087,200.114274928917,9.98787824957162,9.9878782495716,5000.49841639424,5999.4321208647,06/11/2021 06:21:06.934,06/11/2021 06:51:31.435,10.3478688430792,-116.576049206804,10.3532511093091,-116.569335371319,0.999999999999998,1.25892541179327e-100,1.2573993738283e-99,5.41957297474702e-92,0,0,-999,-999,
38304,8.60061171698557e-97,0,6,20,4500,5183,684,1124,1179,200.292629897659,210.102153178488,200.292633056641,210.102157592773,205.197395324707,NaN,NaN,NaN,200.292629897659,210.102153178488,9.98787824957159,9.9878782495716,5000.49841639424,5999.4321208647,06/11/2021 06:21:06.934,06/11/2021 06:51:31.435,10.3478688430792,-116.576049206804,10.3532511093091,-116.569335371319,1,1.25892541179327e-100,1.2573993738283e-99,5.41957297474702e-92,0,0,-999,-999,
38304,8.60061171698557e-97,0,6,21,4500,5183,684,1180,1235,210.280508147231,220.09003142806,210.280502319336,220.090026855469,215.185264587402,NaN,NaN,NaN,210.280508147231,220.09003142806,9.98787824957159,9.9878782495716,5000.49841639424,5999.4321208647,06/11/2021 06:21:06.934,06/11/2021 06:51:31.435,10.3478688430792,-116.576049206804,10.3532511093091,-116.569335371319,1,1.25892541179327e-100,1.2573993738283e-99,5.41957297474702e-92,0,0,-999,-999,
38304,8.60061171698557e-97,0,6,22,4500,5183,684,1236,1291,220.268386396802,230.077909677632,220.26838684082,230.077911376953,225.173149108887,NaN,NaN,NaN,220.268386396802,230.077909677632,9.98787824957159,9.9878782495716,5000.49841639424,5999.4321208647,06/11/2021 06:21:06.934,06/11/2021 06:51:31.435,10.3478688430792,-116.576049206804,10.3532511093091,-116.569335371319,1,1.25892541179327e-100,1.2573993738283e-99,5.41957297474702e-92,0,0,-999,-999,
38304,8.60061171698557e-97,0,6,23,4500,5183,684,1292,1347,230.256264646374,240.065787927203,230.256271362305,240.065780639648,235.161026000977,NaN,NaN,NaN,230.256264646374,240.065787927203,9.98787824957162,9.9878782495716,5000.49841639424,5999.4321208647,06/11/2021 06:21:06.934,06/11/2021 06:51:31.435,10.3478688430792,-116.576049206804,10.3532511093091,-116.569335371319,0.999999999999998,1.25892541179327e-100,1.2573993738283e-99,5.41957297474702e-92,0,0,-999,-999,
37620,8.58090499046327e-07,6.87339304874262,6,24,4500,5183,684,1348,1402,240.244142895945,249.875311208032,240.244140625,249.875305175781,245.059722900391,NaN,NaN,NaN,240.244142895945,249.875311208032,9.80952328082924,9.80952328082925,5000.49841639424,5999.4321208647,06/11/2021 06:21:06.934,06/11/2021 06:51:31.435,10.3478688430792,-116.576049206804,10.3532511093091,-116.569335371319,1,1.27887792051144e-10,1.25451827345954e-09,0.0540715501588602,0,0,-999,-999,
64353,0.000349743890036737,437.875556613165,7,1,5184,6312,1129,58,114,10.166233218314,20.1541114678856,10.1662330627441,20.1541118621826,15.1601724624634,NaN,NaN,NaN,10.166233218314,20.1541114678856,10.166233218314,10.166233218314,6000.20789333143,6999.54722218407,06/11/2021 06:51:34.106,06/11/2021 07:42:02.495,10.3532568960346,-116.569331409638,10.3584143701996,-116.562248717008,1,3.04716608412404e-08,3.09782010661415e-07,13.3520522436068,0,0,-999,-999,
63224,0.001411055444599,386.145111280428,7,2,5184,6312,1129,115,170,20.3324664366279,30.1419897174572,20.3324661254883,30.1419906616211,25.2372283935547,NaN,NaN,NaN,20.3324664366279,30.1419897174572,9.9878782495716,9.9878782495716,6000.20789333143,6999.54722218407,06/11/2021 06:51:34.106,06/11/2021 07:42:02.495,10.3532568960346,-116.569331409638,10.3584143701996,-116.562248717008,1,1.25134452317938e-07,1.24982767457839e-06,53.8693785699379,0,0,-999,-999,
63224,0.0030676276861127,8.58236992936392,7,3,5184,6312,1129,171,226,30.3203446861995,40.1298679670288,30.3203449249268,40.1298675537109,35.2251062393188,NaN,NaN,NaN,30.3203446861995,40.1298679670288,9.9878782495716,9.9878782495716,6000.20789333143,6999.54722218407,06/11/2021 06:51:34.106,06/11/2021 07:42:02.495,10.3532568960346,-116.569331409638,10.3584143701996,-116.562248717008,1,2.72041691831709e-07,2.71711929682259e-06,117.111767483941,0,0,-999,-999,
63224,0.00237001141600395,13.6288730072783,7,4,5184,6312,1129,227,282,40.3082229357711,50.1177462166004,40.3082237243652,50.1177444458008,45.212984085083,NaN,NaN,NaN,40.3082229357711,50.1177462166004,9.9878782495716,9.9878782495716,6000.20789333143,6999.54722218407,06/11/2021 06:51:34.106,06/11/2021 07:42:02.495,10.3532568960346,-116.569331409638,10.3584143701996,-116.562248717008,1,2.10176064777664e-07,2.09921294597338e-06,90.4791109892023,0,0,-999,-999,
63224,0.000966016901922811,30.6816150166591,7,5,5184,6312,1129,283,338,50.2961011853427,60.105624466172,50.2961006164551,60.1056251525879,55.2008628845215,NaN,NaN,NaN,50.2961011853427,60.105624466172,9.9878782495716,9.9878782495716,6000.20789333143,6999.54722218407,06/11/2021 06:51:34.106,06/11/2021 07:42:02.495,10.3532568960346,-116.569331409638,10.3584143701996,-116.562248717008,1,8.56677860637397e-08,8.55639417114978e-07,36.8792951360086,0,0,-999,-999,
63224,0.000445044605219035,66.3003806604584,7,6,5184,6312,1129,339,394,60.2839794349143,70.0935027157436,60.2839813232422,70.093505859375,65.1887435913086,NaN,NaN,NaN,60.2839794349143,70.0935027157436,9.9878782495716,9.9878782495716,6000.20789333143,6999.54722218407,06/11/2021 06:51:34.106,06/11/2021 07:42:02.495,10.3532568960346,-116.569331409638,10.3584143701996,-116.562248717008,1,3.94672038893293e-08,3.9419362729764e-07,16.9903148815431,0,0,-999,-999,
63224,9.78893108500542e-05,225.239354515867,7,7,5184,6312,1129,395,450,70.2718576844859,80.0813809653152,70.271858215332,80.0813827514648,75.1766204833984,NaN,NaN,NaN,70.2718576844859,80.0813809653152,9.9878782495716,9.9878782495716,6000.20789333143,6999.54722218407,06/11/2021 06:51:34.106,06/11/2021 07:42:02.495,10.3532568960346,-116.569331409638,10.3584143701996,-116.562248717008,1,8.68096668198817e-09,8.67044383082854e-08,3.73708656475257,0,0,-999,-999,
63224,2.76846030440784e-05,421.470878577241,7,8,5184,6312,1129,451,506,80.2597359340575,90.0692592148868,80.2597351074219,90.0692596435547,85.1644973754883,NaN,NaN,NaN,80.2597359340575,90.0692592148868,9.9878782495716,9.9878782495716,6000.20789333143,6999.54722218407,06/11/2021 06:51:34.106,06/11/2021 07:42:02.495,10.3532568960346,-116.569331409638,10.3584143701996,-116.562248717008,1,2.45511092623633e-09,2.45213490204414e-08,1.05690557210084,0,0,-999,-999,
63224,5.65540987464044e-06,332.64946265067,7,9,5184,6312,1129,507,562,90.2476141836291,100.057137464458,90.2476119995117,100.057136535645,95.1523742675781,NaN,NaN,NaN,90.2476141836291,100.057137464458,9.9878782495716,9.9878782495716,6000.20789333143,6999.54722218407,06/11/2021 06:51:34.106,06/11/2021 07:42:02.495,10.3532568960346,-116.569331409638,10.3584143701996,-116.562248717008,1,5.0152998594446e-10,5.00922043812262e-09,0.215904638383468,0,0,-999,-999,
63224,1.514613764413e-07,49.7007906024315,7,10,5184,6312,1129,563,618,100.235492433201,110.04501571403,100.235488891602,110.045013427734,105.140251159668,NaN,NaN,NaN,100.235492433201,110.04501571403,9.9878782495716,9.9878782495716,6000.20789333143,6999.54722218407,06/11/2021 06:51:34.106,06/11/2021 07:42:02.495,10.3532568960346,-116.569331409638,10.3584143701996,-116.562248717008,1,1.3431815497292e-11,1.34155337857662e-10,0.00578228889408307,0,0,-999,-999,
63224,1.41960389305072e-96,0,7,11,5184,6312,1129,619,674,110.223370682772,120.032893963602,110.223373413086,120.032890319824,115.128131866455,NaN,NaN,NaN,110.223370682772,120.032893963602,9.9878782495716,9.9878782495716,6000.20789333143,6999.54722218407,06/11/2021 06:51:34.106,06/11/2021 07:42:02.495,10.3532568960346,-116.569331409638,10.3584143701996,-116.562248717008,1,1.258925411792e-100,1.25739937382703e-99,5.41957297474154e-92,0,0,-999,-999,
63224,1.41960389305072e-96,0,7,12,5184,6312,1129,675,730,120.211248932344,130.020772213173,120.211250305176,130.020767211914,125.116008758545,NaN,NaN,NaN,120.211248932344,130.020772213173,9.9878782495716,9.9878782495716,6000.20789333143,6999.54722218407,06/11/2021 06:51:34.106,06/11/2021 07:42:02.495,10.3532568960346,-116.569331409638,10.3584143701996,-116.562248717008,1,1.258925411792e-100,1.25739937382703e-99,5.41957297474154e-92,0,0,-999,-999,
63224,1.41960389305072e-96,0,7,13,5184,6312,1129,731,786,130.199127181916,140.008650462745,130.199127197266,140.008651733398,135.103889465332,NaN,NaN,NaN,130.199127181916,140.008650462745,9.98787824957159,9.9878782495716,6000.20789333143,6999.54722218407,06/11/2021 06:51:34.106,06/11/2021 07:42:02.495,10.3532568960346,-116.569331409638,10.3584143701996,-116.562248717008,1,1.258925411792e-100,1.25739937382703e-99,5.41957297474154e-92,0,0,-999,-999,
63224,6.55745067907874e-09,5.18284233192358,7,14,5184,6312,1129,787,842,140.187005431487,149.996528712316,140.18701171875,149.996536254883,145.091773986816,NaN,NaN,NaN,140.187005431487,149.996528712316,9.98787824957162,9.9878782495716,6000.20789333143,6999.54722218407,06/11/2021 06:51:34.106,06/11/2021 07:42:02.495,10.3532568960346,-116.569331409638,10.3584143701996,-116.562248717008,0.999999999999998,5.81524278489e-13,5.8081936927181e-12,0.000250341540041593,0,0,-999,-999,
64353,1.44495396256944e-96,0,7,15,5184,6312,1129,843,899,150.174883681059,160.16276193063,150.174880981445,160.16276550293,155.168823242188,NaN,NaN,NaN,150.174883681059,160.16276193063,10.166233218314,10.166233218314,6000.20789333143,6999.54722218407,06/11/2021 06:51:34.106,06/11/2021 07:42:02.495,10.3532568960346,-116.569331409638,10.3584143701996,-116.562248717008,0.999999999999998,1.25892541179197e-100,1.2798529340739e-99,5.51635106357606e-92,0,0,-999,-999,
63224,1.41960389305072e-96,0,7,16,5184,6312,1129,900,955,160.341116899373,170.150640180202,160.341110229492,170.150634765625,165.245872497559,NaN,NaN,NaN,160.341116899373,170.150640180202,9.98787824957159,9.9878782495716,6000.20789333143,6999.54722218407,06/11/2021 06:51:34.106,06/11/2021 07:42:02.495,10.3532568960346,-116.569331409638,10.3584143701996,-116.562248717008,1,1.258925411792e-100,1.25739937382703e-99,5.41957297474154e-92,0,0,-999,-999,
63224,1.41960389305072e-96,0,7,17,5184,6312,1129,956,1011,170.328995148944,180.138518429774,170.328994750977,180.138519287109,175.233757019043,NaN,NaN,NaN,170.328995148944,180.138518429774,9.98787824957159,9.9878782495716,6000.20789333143,6999.54722218407,06/11/2021 06:51:34.106,06/11/2021 07:42:02.495,10.3532568960346,-116.569331409638,10.3584143701996,-116.562248717008,1,1.258925411792e-100,1.25739937382703e-99,5.41957297474154e-92,0,0,-999,-999,
63224,1.41960389305072e-96,0,7,18,5184,6312,1129,1012,1067,180.316873398516,190.126396679345,180.316879272461,190.126403808594,185.221641540527,NaN,NaN,NaN,180.316873398516,190.126396679345,9.98787824957159,9.9878782495716,6000.20789333143,6999.54722218407,06/11/2021 06:51:34.106,06/11/2021 07:42:02.495,10.3532568960346,-116.569331409638,10.3584143701996,-116.562248717008,1,1.258925411792e-100,1.25739937382703e-99,5.41957297474154e-92,0,0,-999,-999,
63224,1.56472634556654e-07,6.43113571683371,7,19,5184,6312,1129,1068,1123,190.304751648087,200.114274928917,190.304748535156,200.114273071289,195.209510803223,NaN,NaN,NaN,190.304751648087,200.114274928917,9.98787824957162,9.9878782495716,6000.20789333143,6999.54722218407,06/11/2021 06:51:34.106,06/11/2021 07:42:02.495,10.3532568960346,-116.569331409638,10.3584143701996,-116.562248717008,0.999999999999998,1.38762211668842e-11,1.38594007578968e-10,0.00597360197221971,0,0,-999,-999,
63224,1.41960389305072e-96,0,7,20,5184,6312,1129,1124,1179,200.292629897659,210.102153178488,200.292633056641,210.102157592773,205.197395324707,NaN,NaN,NaN,200.292629897659,210.102153178488,9.98787824957159,9.9878782495716,6000.20789333143,6999.54722218407,06/11/2021 06:51:34.106,06/11/2021 07:42:02.495,10.3532568960346,-116.569331409638,10.3584143701996,-116.562248717008,1,1.258925411792e-100,1.25739937382703e-99,5.41957297474154e-92,0,0,-999,-999,
63224,1.41960389305072e-96,0,7,21,5184,6312,1129,1180,1235,210.280508147231,220.09003142806,210.280502319336,220.090026855469,215.185264587402,NaN,NaN,NaN,210.280508147231,220.09003142806,9.98787824957159,9.9878782495716,6000.20789333143,6999.54722218407,06/11/2021 06:51:34.106,06/11/2021 07:42:02.495,10.3532568960346,-116.569331409638,10.3584143701996,-116.562248717008,1,1.258925411792e-100,1.25739937382703e-99,5.41957297474154e-92,0,0,-999,-999,
63224,1.41960389305072e-96,0,7,22,5184,6312,1129,1236,1291,220.268386396802,230.077909677632,220.26838684082,230.077911376953,225.173149108887,NaN,NaN,NaN,220.268386396802,230.077909677632,9.98787824957159,9.9878782495716,6000.20789333143,6999.54722218407,06/11/2021 06:51:34.106,06/11/2021 07:42:02.495,10.3532568960346,-116.569331409638,10.3584143701996,-116.562248717008,1,1.258925411792e-100,1.25739937382703e-99,5.41957297474154e-92,0,0,-999,-999,
63224,1.41960389305072e-96,0,7,23,5184,6312,1129,1292,1347,230.256264646374,240.065787927203,230.256271362305,240.065780639648,235.161026000977,NaN,NaN,NaN,230.256264646374,240.065787927203,9.98787824957162,9.9878782495716,6000.20789333143,6999.54722218407,06/11/2021 06:51:34.106,06/11/2021 07:42:02.495,10.3532568960346,-116.569331409638,10.3584143701996,-116.562248717008,0.999999999999998,1.258925411792e-100,1.25739937382703e-99,5.41957297474154e-92,0,0,-999,-999,
62095,1.39425382353199e-96,0,7,24,5184,6312,1129,1348,1402,240.244142895945,249.875311208032,240.244140625,249.875305175781,245.059722900391,NaN,NaN,NaN,240.244142895945,249.875311208032,9.80952328082924,9.80952328082925,6000.20789333143,6999.54722218407,06/11/2021 06:51:34.106,06/11/2021 07:42:02.495,10.3532568960346,-116.569331409638,10.3584143701996,-116.562248717008,1,1.25892541179204e-100,1.23494581358015e-99,5.32279488590702e-92,0,0,-999,-999,
144495,0.000418516161097509,365.206028448268,8,1,6313,8847,2535,58,114,10.166233218314,20.1541114678856,10.1662330627441,20.1541118621826,15.1601724624634,NaN,NaN,NaN,10.166233218314,20.1541114678856,10.166233218314,10.166233218314,7000.12271496477,7999.71550343651,06/11/2021 07:42:05.166,06/11/2021 09:35:24.377,10.3584169077902,-116.562244131537,10.3622689946121,-116.555948904451,1,1.62395578615522e-08,1.65095132582844e-07,7.11583874965757,0,0,-999,-999,
141960,0.00204486516624115,459.270145454757,8,2,6313,8847,2535,115,170,20.3324664366279,30.1419897174572,20.3324661254883,30.1419906616211,25.2372283935547,NaN,NaN,NaN,20.3324664366279,30.1419897174572,9.9878782495716,9.9878782495716,7000.12271496477,7999.71550343651,06/11/2021 07:42:05.166,06/11/2021 09:35:24.377,10.3584169077902,-116.562244131537,10.3622689946121,-116.555948904451,1,8.07631916792251e-08,8.06652925538914e-07,34.7679065716497,0,0,-999,-999,
141960,0.00595294101855932,16.8498010447424,8,3,6313,8847,2535,171,226,30.3203446861995,40.1298679670288,30.3203449249268,40.1298675537109,35.2251062393188,NaN,NaN,NaN,30.3203446861995,40.1298679670288,9.9878782495716,9.9878782495716,7000.12271496477,7999.71550343651,06/11/2021 07:42:05.166,06/11/2021 09:35:24.377,10.3584169077902,-116.562244131537,10.3622689946121,-116.555948904451,1,2.35115021016662e-07,2.34830020455989e-06,101.215131724438,0,0,-999,-999,
141960,0.00688185411603593,10.3206524626061,8,4,6313,8847,2535,227,282,40.3082229357711,50.1177462166004,40.3082237243652,50.1177444458008,45.212984085083,NaN,NaN,NaN,40.3082229357711,50.1177462166004,9.9878782495716,9.9878782495716,7000.12271496477,7999.71550343651,06/11/2021 07:42:05.166,06/11/2021 09:35:24.377,10.3584169077902,-116.562244131537,10.3622689946121,-116.555948904451,1,2.71803007972179e-07,2.71473535149346e-06,117.009015995847,0,0,-999,-999,
141960,0.00341459836962169,25.2001346159494,8,5,6313,8847,2535,283,338,50.2961011853427,60.105624466172,50.2961006164551,60.1056251525879,55.2008628845215,NaN,NaN,NaN,50.2961011853427,60.105624466172,9.9878782495716,9.9878782495716,7000.12271496477,7999.71550343651,06/11/2021 07:42:05.166,06/11/2021 09:35:24.377,10.3584169077902,-116.562244131537,10.3622689946121,-116.555948904451,1,1.34861636447283e-07,1.34698160537345e-06,58.05685335867,0,0,-999,-999,
141960,0.00174704788216395,44.37215173646,8,6,6313,8847,2535,339,394,60.2839794349143,70.0935027157436,60.2839813232422,70.093505859375,65.1887435913086,NaN,NaN,NaN,60.2839794349143,70.0935027157436,9.9878782495716,9.9878782495716,7000.12271496477,7999.71550343651,06/11/2021 07:42:05.166,06/11/2021 09:35:24.377,10.3584169077902,-116.562244131537,10.3622689946121,-116.555948904451,1,6.90007171667728e-08,6.89170762194852e-07,29.7042555891001,0,0,-999,-999,
141960,0.000493306363036491,149.144288056543,8,7,6313,8847,2535,395,450,70.2718576844859,80.0813809653152,70.271858215332,80.0813827514648,75.1766204833984,NaN,NaN,NaN,70.2718576844859,80.0813809653152,9.9878782495716,9.9878782495716,7000.12271496477,7999.71550343651,06/11/2021 07:42:05.166,06/11/2021 09:35:24.377,10.3584169077902,-116.562244131537,10.3622689946121,-116.555948904451,1,1.94834344152543e-08,1.94598170823073e-07,8.38746232485357,0,0,-999,-999,
141960,0.000132805104686267,314.809991228861,8,8,6313,8847,2535,451,506,80.2597359340575,90.0692592148868,80.2597351074219,90.0692596435547,85.1644973754883,NaN,NaN,NaN,80.2597359340575,90.0692592148868,9.9878782495716,9.9878782495716,7000.12271496477,7999.71550343651,06/11/2021 07:42:05.166,06/11/2021 09:35:24.377,10.3584169077902,-116.562244131537,10.3622689946121,-116.555948904451,1,5.2452182680937e-09,5.23886014541486e-08,2.25802441559405,0,0,-999,-999,
141960,3.52503554636066e-05,437.949582664993,8,9,6313,8847,2535,507,562,90.2476141836291,100.057137464458,90.2476119995117,100.057136535645,95.1523742675781,NaN,NaN,NaN,90.2476141836291,100.057137464458,9.9878782495716,9.9878782495716,7000.12271496477,7999.71550343651,06/11/2021 07:42:05.166,06/11/2021 09:35:24.377,10.3584169077902,-116.562244131537,10.3622689946121,-116.555948904451,1,1.3922341981605e-09,1.3905465666117e-08,0.599345661322487,0,0,-999,-999,
141960,9.91093483380086e-07,88.3042208444571,8,10,6313,8847,2535,563,618,100.235492433201,110.04501571403,100.235488891602,110.045013427734,105.140251159668,NaN,NaN,NaN,100.235492433201,110.04501571403,9.9878782495716,9.9878782495716,7000.12271496477,7999.71550343651,06/11/2021 07:42:05.166,06/11/2021 09:35:24.377,10.3584169077902,-116.562244131537,10.3622689946121,-116.555948904451,1,3.9143839061718e-11,3.90963898769265e-10,0.0168511089155431,0,0,-999,-999,
141960,2.81571534092707e-09,5.41892136326531,8,11,6313,8847,2535,619,674,110.223370682772,120.032893963602,110.223373413086,120.032890319824,115.128131866455,NaN,NaN,NaN,110.223370682772,120.032893963602,9.9878782495716,9.9878782495716,7000.12271496477,7999.71550343651,06/11/2021 07:42:05.166,06/11/2021 09:35:24.377,10.3584169077902,-116.562244131537,10.3622689946121,-116.555948904451,1,1.11208387500406e-13,1.11073583468523e-12,4.78743193056908e-05,0,0,-999,-999,
141960,3.18750741264877e-96,0,8,12,6313,8847,2535,675,730,120.211248932344,130.020772213173,120.211250305176,130.020767211914,125.116008758545,NaN,NaN,NaN,120.211248932344,130.020772213173,9.9878782495716,9.9878782495716,7000.12271496477,7999.71550343651,06/11/2021 07:42:05.166,06/11/2021 09:35:24.377,10.3584169077902,-116.562244131537,10.3622689946121,-116.555948904451,1,1.25892541179091e-100,1.25739937382594e-99,5.41957297473687e-92,0,0,-999,-999,
141960,1.93153609133573e-09,2.44003512797097,8,13,6313,8847,2535,731,786,130.199127181916,140.008650462745,130.199127197266,140.008651733398,135.103889465332,NaN,NaN,NaN,130.199127181916,140.008650462745,9.98787824957159,9.9878782495716,7000.12271496477,7999.71550343651,06/11/2021 07:42:05.166,06/11/2021 09:35:24.377,10.3584169077902,-116.562244131537,10.3622689946121,-116.555948904451,1,7.62871910359944e-14,7.61947176069322e-13,3.28410241770487e-05,0,0,-999,-999,
141960,3.18750741264877e-96,0,8,14,6313,8847,2535,787,842,140.187005431487,149.996528712316,140.18701171875,149.996536254883,145.091773986816,NaN,NaN,NaN,140.187005431487,149.996528712316,9.98787824957162,9.9878782495716,7000.12271496477,7999.71550343651,06/11/2021 07:42:05.166,06/11/2021 09:35:24.377,10.3584169077902,-116.562244131537,10.3622689946121,-116.555948904451,0.999999999999998,1.25892541179091e-100,1.25739937382594e-99,5.41957297473687e-92,0,0,-999,-999,
144495,3.2444271878746e-96,0,8,15,6313,8847,2535,843,899,150.174883681059,160.16276193063,150.174880981445,160.16276550293,155.168823242188,NaN,NaN,NaN,150.174883681059,160.16276193063,10.166233218314,10.166233218314,7000.12271496477,7999.71550343651,06/11/2021 07:42:05.166,06/11/2021 09:35:24.377,10.3584169077902,-116.562244131537,10.3622689946121,-116.555948904451,0.999999999999998,1.2589254117909e-100,1.27985293407282e-99,5.51635106357139e-92,0,0,-999,-999,
141960,3.18750741264877e-96,0,8,16,6313,8847,2535,900,955,160.341116899373,170.150640180202,160.341110229492,170.150634765625,165.245872497559,NaN,NaN,NaN,160.341116899373,170.150640180202,9.98787824957159,9.9878782495716,7000.12271496477,7999.71550343651,06/11/2021 07:42:05.166,06/11/2021 09:35:24.377,10.3584169077902,-116.562244131537,10.3622689946121,-116.555948904451,1,1.25892541179091e-100,1.25739937382594e-99,5.41957297473687e-92,0,0,-999,-999,
141960,3.18750741264877e-96,0,8,17,6313,8847,2535,956,1011,170.328995148944,180.138518429774,170.328994750977,180.138519287109,175.233757019043,NaN,NaN,NaN,170.328995148944,180.138518429774,9.98787824957159,9.9878782495716,7000.12271496477,7999.71550343651,06/11/2021 07:42:05.166,06/11/2021 09:35:24.377,10.3584169077902,-116.562244131537,10.3622689946121,-116.555948904451,1,1.25892541179091e-100,1.25739937382594e-99,5.41957297473687e-92,0,0,-999,-999,
141960,3.18750741264877e-96,0,8,18,6313,8847,2535,1012,1067,180.316873398516,190.126396679345,180.316879272461,190.126403808594,185.221641540527,NaN,NaN,NaN,180.316873398516,190.126396679345,9.98787824957159,9.9878782495716,7000.12271496477,7999.71550343651,06/11/2021 07:42:05.166,06/11/2021 09:35:24.377,10.3584169077902,-116.562244131537,10.3622689946121,-116.555948904451,1,1.25892541179091e-100,1.25739937382594e-99,5.41957297473687e-92,0,0,-999,-999,
141960,3.18750741264877e-96,0,8,19,6313,8847,2535,1068,1123,190.304751648087,200.114274928917,190.304748535156,200.114273071289,195.209510803223,NaN,NaN,NaN,190.304751648087,200.114274928917,9.98787824957162,9.9878782495716,7000.12271496477,7999.71550343651,06/11/2021 07:42:05.166,06/11/2021 09:35:24.377,10.3584169077902,-116.562244131537,10.3622689946121,-116.555948904451,0.999999999999998,1.25892541179091e-100,1.25739937382594e-99,5.41957297473687e-92,0,0,-999,-999,
141960,3.18750741264877e-96,0,8,20,6313,8847,2535,1124,1179,200.292629897659,210.102153178488,200.292633056641,210.102157592773,205.197395324707,NaN,NaN,NaN,200.292629897659,210.102153178488,9.98787824957159,9.9878782495716,7000.12271496477,7999.71550343651,06/11/2021 07:42:05.166,06/11/2021 09:35:24.377,10.3584169077902,-116.562244131537,10.3622689946121,-116.555948904451,1,1.25892541179091e-100,1.25739937382594e-99,5.41957297473687e-92,0,0,-999,-999,
141960,3.18750741264877e-96,0,8,21,6313,8847,2535,1180,1235,210.280508147231,220.09003142806,210.280502319336,220.090026855469,215.185264587402,NaN,NaN,NaN,210.280508147231,220.09003142806,9.98787824957159,9.9878782495716,7000.12271496477,7999.71550343651,06/11/2021 07:42:05.166,06/11/2021 09:35:24.377,10.3584169077902,-116.562244131537,10.3622689946121,-116.555948904451,1,1.25892541179091e-100,1.25739937382594e-99,5.41957297473687e-92,0,0,-999,-999,
141960,3.18750741264877e-96,0,8,22,6313,8847,2535,1236,1291,220.268386396802,230.077909677632,220.26838684082,230.077911376953,225.173149108887,NaN,NaN,NaN,220.268386396802,230.077909677632,9.98787824957159,9.9878782495716,7000.12271496477,7999.71550343651,06/11/2021 07:42:05.166,06/11/2021 09:35:24.377,10.3584169077902,-116.562244131537,10.3622689946121,-116.555948904451,1,1.25892541179091e-100,1.25739937382594e-99,5.41957297473687e-92,0,0,-999,-999,
141960,3.18750741264877e-96,0,8,23,6313,8847,2535,1292,1347,230.256264646374,240.065787927203,230.256271362305,240.065780639648,235.161026000977,NaN,NaN,NaN,230.256264646374,240.065787927203,9.98787824957162,9.9878782495716,7000.12271496477,7999.71550343651,06/11/2021 07:42:05.166,06/11/2021 09:35:24.377,10.3584169077902,-116.562244131537,10.3622689946121,-116.555948904451,0.999999999999998,1.25892541179091e-100,1.25739937382594e-99,5.41957297473687e-92,0,0,-999,-999,
139425,3.13058763742294e-96,0,8,24,6313,8847,2535,1348,1402,240.244142895945,249.875311208032,240.244140625,249.875305175781,245.059722900391,NaN,NaN,NaN,240.244142895945,249.875311208032,9.80952328082924,9.80952328082925,7000.12271496477,7999.71550343651,06/11/2021 07:42:05.166,06/11/2021 09:35:24.377,10.3584169077902,-116.562244131537,10.3622689946121,-116.555948904451,1,1.25892541179093e-100,1.23494581357907e-99,5.32279488590235e-92,0,0,-999,-999,
107616,0.00116793263560698,462.678520355164,9,1,8848,10735,1888,58,114,10.166233218314,20.1541114678856,10.1662330627441,20.1541118621826,15.1601724624634,NaN,NaN,NaN,10.166233218314,20.1541114678856,10.166233218314,10.166233218314,8000.06292392716,8770.31514110733,06/11/2021 09:35:27.046,06/11/2021 10:59:43.174,10.3622194989248,-116.555945864269,10.3639101957402,-116.549882248987,1,6.08493209057321e-08,6.18608387503699e-07,26.6629152888753,0,0,-999,-999,
105728,0.00395566191034209,267.336004487432,9,2,8848,10735,1888,115,170,20.3324664366279,30.1419897174572,20.3324661254883,30.1419906616211,25.2372283935547,NaN,NaN,NaN,20.3324664366279,30.1419897174572,9.9878782495716,9.9878782495716,8000.06292392716,8770.31514110733,06/11/2021 09:35:27.046,06/11/2021 10:59:43.174,10.3622194989248,-116.555945864269,10.3639101957402,-116.549882248987,1,2.09770269299056e-07,2.09515991013882e-06,90.3044192887619,0,0,-999,-999,
105728,0.0103453482345237,7.43930136179512,9,3,8848,10735,1888,171,226,30.3203446861995,40.1298679670288,30.3203449249268,40.1298675537109,35.2251062393188,NaN,NaN,NaN,30.3203446861995,40.1298679670288,9.9878782495716,9.9878782495716,8000.06292392716,8770.31514110733,06/11/2021 09:35:27.046,06/11/2021 10:59:43.174,10.3622194989248,-116.555945864269,10.3639101957402,-116.549882248987,1,5.48617787449099e-07,5.47952766659095e-06,236.175559447114,0,0,-999,-999,
105728,0.00832212477310367,11.6659168803746,9,4,8848,10735,1888,227,282,40.3082229357711,50.1177462166004,40.3082237243652,50.1177444458008,45.212984085083,NaN,NaN,NaN,40.3082229357711,50.1177462166004,9.9878782495716,9.9878782495716,8000.06292392716,8770.31514110733,06/11/2021 09:35:27.046,06/11/2021 10:59:43.174,10.3622194989248,-116.555945864269,10.3639101957402,-116.549882248987,1,4.41325470771421e-07,4.40790507049982e-06,189.987077237031,0,0,-999,-999,
105728,0.00288954627309512,26.2928709789129,9,5,8848,10735,1888,283,338,50.2961011853427,60.105624466172,50.2961006164551,60.1056251525879,55.2008628845215,NaN,NaN,NaN,50.2961011853427,60.105624466172,9.9878782495716,9.9878782495716,8000.06292392716,8770.31514110733,06/11/2021 09:35:27.046,06/11/2021 10:59:43.174,10.3622194989248,-116.555945864269,10.3639101957402,-116.549882248987,1,1.53233747877818e-07,1.5304800175292e-06,65.9659000476344,0,0,-999,-999,
105728,0.000644822441873933,72.3653643840407,9,6,8848,10735,1888,339,394,60.2839794349143,70.0935027157436,60.2839813232422,70.093505859375,65.1887435913086,NaN,NaN,NaN,60.2839794349143,70.0935027157436,9.9878782495716,9.9878782495716,8000.06292392716,8770.31514110733,06/11/2021 09:35:27.046,06/11/2021 10:59:43.174,10.3622194989248,-116.555945864269,10.3639101957402,-116.549882248987,1,3.41951815771515e-08,3.41537310314583e-07,14.7207515398481,0,0,-999,-999,
105728,0.000112957990648444,265.041856829063,9,7,8848,10735,1888,395,450,70.2718576844859,80.0813809653152,70.271858215332,80.0813827514648,75.1766204833984,NaN,NaN,NaN,70.2718576844859,80.0813809653152,9.9878782495716,9.9878782495716,8000.06292392716,8770.31514110733,06/11/2021 09:35:27.046,06/11/2021 10:59:43.174,10.3622194989248,-116.555945864269,10.3639101957402,-116.549882248987,1,5.99020559766577e-09,5.9829444199388e-08,2.57873548870889,0,0,-999,-999,
105728,3.14601000083593e-05,452.049832576874,9,8,8848,10735,1888,451,506,80.2597359340575,90.0692592148868,80.2597351074219,90.0692596435547,85.1644973754883,NaN,NaN,NaN,80.2597359340575,90.0692592148868,9.9878782495716,9.9878782495716,8000.06292392716,8770.31514110733,06/11/2021 09:35:27.046,06/11/2021 10:59:43.174,10.3622194989248,-116.555945864269,10.3639101957402,-116.549882248987,1,1.66834117791377e-09,1.66631885637496e-08,0.718207502666871,0,0,-999,-999,
105728,3.79915360773799e-06,227.448538000553,9,9,8848,10735,1888,507,562,90.2476141836291,100.057137464458,90.2476119995117,100.057136535645,95.1523742675781,NaN,NaN,NaN,90.2476141836291,100.057137464458,9.9878782495716,9.9878782495716,8000.06292392716,8770.31514110733,06/11/2021 09:35:27.046,06/11/2021 10:59:43.174,10.3622194989248,-116.555945864269,10.3639101957402,-116.549882248987,1,2.01470573943656e-10,2.01226356342055e-09,0.0867314669736054,0,0,-999,-999,
105728,2.2157927818558e-07,46.1766481860265,9,10,8848,10735,1888,563,618,100.235492433201,110.04501571403,100.235488891602,110.045013427734,105.140251159668,NaN,NaN,NaN,100.235492433201,110.04501571403,9.9878782495716,9.9878782495716,8000.06292392716,8770.31514110733,06/11/2021 09:35:27.046,06/11/2021 10:59:43.174,10.3622194989248,-116.555945864269,10.3639101957402,-116.549882248987,1,1.17504341649006e-11,1.17361905818633e-10,0.00505846770945127,0,0,-999,-999,
105728,1.22438406437555e-09,5.60438773744922,9,11,8848,10735,1888,619,674,110.223370682772,120.032893963602,110.223373413086,120.032890319824,115.128131866455,NaN,NaN,NaN,110.223370682772,120.032893963602,9.9878782495716,9.9878782495716,8000.06292392716,8770.31514110733,06/11/2021 09:35:27.046,06/11/2021 10:59:43.174,10.3622194989248,-116.555945864269,10.3639101957402,-116.549882248987,1,6.49295568557121e-14,6.48508508673489e-13,2.7951653712055e-05,0,0,-999,-999,
105728,2.37397001778395e-96,0,9,12,8848,10735,1888,675,730,120.211248932344,130.020772213173,120.211250305176,130.020767211914,125.116008758545,NaN,NaN,NaN,120.211248932344,130.020772213173,9.9878782495716,9.9878782495716,8000.06292392716,8770.31514110733,06/11/2021 09:35:27.046,06/11/2021 10:59:43.174,10.3622194989248,-116.555945864269,10.3639101957402,-116.549882248987,1,1.25892541179121e-100,1.25739937382624e-99,5.41957297473816e-92,0,0,-999,-999,
105728,2.37397001778395e-96,0,9,13,8848,10735,1888,731,786,130.199127181916,140.008650462745,130.199127197266,140.008651733398,135.103889465332,NaN,NaN,NaN,130.199127181916,140.008650462745,9.98787824957159,9.9878782495716,8000.06292392716,8770.31514110733,06/11/2021 09:35:27.046,06/11/2021 10:59:43.174,10.3622194989248,-116.555945864269,10.3639101957402,-116.549882248987,1,1.25892541179121e-100,1.25739937382624e-99,5.41957297473816e-92,0,0,-999,-999,
105728,2.37397001778395e-96,0,9,14,8848,10735,1888,787,842,140.187005431487,149.996528712316,140.18701171875,149.996536254883,145.091773986816,NaN,NaN,NaN,140.187005431487,149.996528712316,9.98787824957162,9.9878782495716,8000.06292392716,8770.31514110733,06/11/2021 09:35:27.046,06/11/2021 10:59:43.174,10.3622194989248,-116.555945864269,10.3639101957402,-116.549882248987,0.999999999999998,1.25892541179121e-100,1.25739937382624e-99,5.41957297473816e-92,0,0,-999,-999,
107616,2.41636233953005e-96,0,9,15,8848,10735,1888,843,899,150.174883681059,160.16276193063,150.174880981445,160.16276550293,155.168823242188,NaN,NaN,NaN,150.174883681059,160.16276193063,10.166233218314,10.166233218314,8000.06292392716,8770.31514110733,06/11/2021 09:35:27.046,06/11/2021 10:59:43.174,10.3622194989248,-116.555945864269,10.3639101957402,-116.549882248987,0.999999999999998,1.25892541179119e-100,1.27985293407312e-99,5.51635106357268e-92,0,0,-999,-999,
105728,2.37397001778395e-96,0,9,16,8848,10735,1888,900,955,160.341116899373,170.150640180202,160.341110229492,170.150634765625,165.245872497559,NaN,NaN,NaN,160.341116899373,170.150640180202,9.98787824957159,9.9878782495716,8000.06292392716,8770.31514110733,06/11/2021 09:35:27.046,06/11/2021 10:59:43.174,10.3622194989248,-116.555945864269,10.3639101957402,-116.549882248987,1,1.25892541179121e-100,1.25739937382624e-99,5.41957297473816e-92,0,0,-999,-999,
105728,2.37397001778395e-96,0,9,17,8848,10735,1888,956,1011,170.328995148944,180.138518429774,170.328994750977,180.138519287109,175.233757019043,NaN,NaN,NaN,170.328995148944,180.138518429774,9.98787824957159,9.9878782495716,8000.06292392716,8770.31514110733,06/11/2021 09:35:27.046,06/11/2021 10:59:43.174,10.3622194989248,-116.555945864269,10.3639101957402,-116.549882248987,1,1.25892541179121e-100,1.25739937382624e-99,5.41957297473816e-92,0,0,-999,-999,
105728,2.37397001778395e-96,0,9,18,8848,10735,1888,1012,1067,180.316873398516,190.126396679345,180.316879272461,190.126403808594,185.221641540527,NaN,NaN,NaN,180.316873398516,190.126396679345,9.98787824957159,9.9878782495716,8000.06292392716,8770.31514110733,06/11/2021 09:35:27.046,06/11/2021 10:59:43.174,10.3622194989248,-116.555945864269,10.3639101957402,-116.549882248987,1,1.25892541179121e-100,1.25739937382624e-99,5.41957297473816e-92,0,0,-999,-999,
105728,2.37397001778395e-96,0,9,19,8848,10735,1888,1068,1123,190.304751648087,200.114274928917,190.304748535156,200.114273071289,195.209510803223,NaN,NaN,NaN,190.304751648087,200.114274928917,9.98787824957162,9.9878782495716,8000.06292392716,8770.31514110733,06/11/2021 09:35:27.046,06/11/2021 10:59:43.174,10.3622194989248,-116.555945864269,10.3639101957402,-116.549882248987,0.999999999999998,1.25892541179121e-100,1.25739937382624e-99,5.41957297473816e-92,0,0,-999,-999,
105728,2.37397001778395e-96,0,9,20,8848,10735,1888,1124,1179,200.292629897659,210.102153178488,200.292633056641,210.102157592773,205.197395324707,NaN,NaN,NaN,200.292629897659,210.102153178488,9.98787824957159,9.9878782495716,8000.06292392716,8770.31514110733,06/11/2021 09:35:27.046,06/11/2021 10:59:43.174,10.3622194989248,-116.555945864269,10.3639101957402,-116.549882248987,1,1.25892541179121e-100,1.25739937382624e-99,5.41957297473816e-92,0,0,-999,-999,
105728,2.37397001778395e-96,0,9,21,8848,10735,1888,1180,1235,210.280508147231,220.09003142806,210.280502319336,220.090026855469,215.185264587402,NaN,NaN,NaN,210.280508147231,220.09003142806,9.98787824957159,9.9878782495716,8000.06292392716,8770.31514110733,06/11/2021 09:35:27.046,06/11/2021 10:59:43.174,10.3622194989248,-116.555945864269,10.3639101957402,-116.549882248987,1,1.25892541179121e-100,1.25739937382624e-99,5.41957297473816e-92,0,0,-999,-999,
105728,2.37397001778395e-96,0,9,22,8848,10735,1888,1236,1291,220.268386396802,230.077909677632,220.26838684082,230.077911376953,225.173149108887,NaN,NaN,NaN,220.268386396802,230.077909677632,9.98787824957159,9.9878782495716,8000.06292392716,8770.31514110733,06/11/2021 09:35:27.046,06/11/2021 10:59:43.174,10.3622194989248,-116.555945864269,10.3639101957402,-116.549882248987,1,1.25892541179121e-100,1.25739937382624e-99,5.41957297473816e-92,0,0,-999,-999,
105728,2.37397001778395e-96,0,9,23,8848,10735,1888,1292,1347,230.256264646374,240.065787927203,230.256271362305,240.065780639648,235.161026000977,NaN,NaN,NaN,230.256264646374,240.065787927203,9.98787824957162,9.9878782495716,8000.06292392716,8770.31514110733,06/11/2021 09:35:27.046,06/11/2021 10:59:43.174,10.3622194989248,-116.555945864269,10.3639101957402,-116.549882248987,0.999999999999998,1.25892541179121e-100,1.25739937382624e-99,5.41957297473816e-92,0,0,-999,-999,
103840,1.90980204037931e-07,2.91487952783711,9,24,8848,10735,1888,1348,1402,240.244142895945,249.875311208032,240.244140625,249.875305175781,245.059722900391,NaN,NaN,NaN,240.244142895945,249.875311208032,9.80952328082924,9.80952328082925,8000.06292392716,8770.31514110733,06/11/2021 09:35:27.046,06/11/2021 10:59:43.174,10.3622194989248,-116.555945864269,10.3639101957402,-116.549882248987,1,1.03118944919142e-11,1.01154769087887e-10,0.0043599166997068,0,0,-999,-999,
